Country Name,Country Code,Indicator Name,Indicator Code,1960,1961,1962,1963,1964,1965,1966,1967,1968,1969,1970,1971,1972,1973,1974,1975,1976,1977,1978,1979,1980,1981,1982,1983,1984,1985,1986,1987,1988,1989,1990,1991,1992,1993,1994,1995,1996,1997,1998,1999,2000,2001,2002,2003,2004,2005,2006,2007,2008,2009,2010,2011,2012,2013,2014,2015,2016,2017,2018,2019,2020,2021,2022,2023,2024,2025
Aruba,ABW,"Literacy rate, adult total (% of people ages 15 and above)",SE.ADT.LITR.ZS,,,,,,,,,,,,,,,,,,,,,,,,,,,,,,,,,,,,,,,,,97.2900009155273,,,,,,,,,,96.8199996948242,,,,,,,,,,,,,,,
Africa Eastern and Southern,AFE,"Literacy rate, adult total (% of people ages 15 and above)",SE.ADT.LITR.ZS,,,,,,,,,,,,,,,,,,,,,,,,,,,,56.8499984741211,57.25,57.5999984741211,58.1500015258789,58.1800003051758,58.4599990844727,58.8800010681152,59.3400001525879,59.8699989318848,60.3600006103516,61.060001373291,61.2700004577637,62.1500015258789,62.6699981689453,63.1599998474121,63.8400001525879,64.3300018310547,64.5699996948242,63.939998626709,61.9500007629395,62.9700012207031,63.2299995422363,63.9599990844727,64.7099990844727,66.8300018310547,68.5199966430664,69.370002746582,69.8300018310547,70.2399978637695,70.9599990844727,70.879997253418,71.6699981689453,72.8000030517578,72.9800033569336,72.7200012207031,73.0599975585938,73.370002746582,73.6999969482422,
Afghanistan,AFG,"Literacy rate, adult total (% of people ages 15 and above)",SE.ADT.LITR.ZS,,,,,,,,,,,,,,,,,,,,18.1599998474121,,,,,,,,,,,,,,,,,,,,,,,,,,,,,,,,31.4500007629394,,,,33.75,,,,,36.0149650316607,37.2700004577637,,,,
Africa Western and Central,AFW,"Literacy rate, adult total (% of people ages 15 and above)",SE.ADT.LITR.ZS,,,,,,,,,,,,,,,,,,,,,,,,,,40.2299995422363,40.5099983215332,41.2799987792969,41.9599990844727,42.7599983215332,43.5400009155273,44.3499984741211,45.1399993896484,45.9799995422363,46.8600006103516,47.0400009155273,47.9000015258789,48.9099998474121,50.2900009155273,51.1500015258789,47.6199989318848,48.8199996948242,49.560001373291,50.1399993896484,51.4900016784668,51.6100006103516,52.2999992370605,50.2999992370605,50.75,50.8499984741211,51.3899993896484,52.439998626709,53,53.8400001525879,54.5400009155273,55.4099998474121,55.8699989318848,56.8800010681152,60.3499984741211,60.1399993896484,60.25,60.5099983215332,60.7799987792969,61.0299987792969,61.1699981689453,
Angola,AGO,"Literacy rate, adult total (% of people ages 15 and above)",SE.ADT.LITR.ZS,,,,,,,,,,,,,,,,,,,,,,,,,,,,,,,,,,,,,,,,,,67.4100036621094,,,,,,,,,,,,,66.0299987792969,66.2399978637695,,,,,,,,68.1800003051758,,
Albania,ALB,"Literacy rate, adult total (% of people ages 15 and above)",SE.ADT.LITR.ZS,,,,,,,,,,,,,,,,,,,,,,,,,,,,,,,,,,,,,,,,,,98.7099990844727,,,,,,,95.9400024414062,,,96.8499984741211,97.25,,,,,98.8099975585938,,,,,,97.6800003051758,,
Andorra,AND,"Literacy rate, adult total (% of people ages 15 and above)",SE.ADT.LITR.ZS,,,,,,,,,,,,,,,,,,,,,,,,,,,,,,,,,,,,,,,,,,,,,,,,,,,,,,,,,,,,,,,,,,
Arab World,ARB,"Literacy rate, adult total (% of people ages 15 and above)",SE.ADT.LITR.ZS,,,,,,,,,,,,,,,,,,,,48.3199996948242,48.8499984741211,49.3800010681152,50.0900001525879,50.2000007629395,50.9500007629395,51.689998626709,52.4300003051758,53.1599998474121,54.0900001525879,55,55.9700012207031,56.8699989318848,57.8499984741211,58.5299987792969,59.3300018310547,60.1699981689453,61.1800003051758,62.1800003051758,63.2799987792969,64.25,65.1600036621094,66.25,67.2900009155273,69.9899978637695,70.8600006103516,71.4300003051758,69.2099990844727,70.0400009155273,70.9000015258789,71.9499969482422,72.5599975585938,74.2900009155273,75.1699981689453,76.2200012207031,76.3099975585938,77.1500015258789,75.9199981689453,76.5899963378906,76.9100036621094,77.1500015258789,77.5599975585938,77.870002746582,78.2699966430664,78.620002746582,78.9899978637695,
United Arab Emirates,ARE,"Literacy rate, adult total (% of people ages 15 and above)",SE.ADT.LITR.ZS,,,,,,,,,,,,,,,,53.5099983215332,,,,,,,,,,71.2399978637695,,,,,,,,,,,,,,,,,,,,90.0299987792969,,,,,,,,,,,,,,97.7799987792969,,98.129997253418,98.2900009155273,98.0599975585938,98.8099975585938,
Argentina,ARG,"Literacy rate, adult total (% of people ages 15 and above)",SE.ADT.LITR.ZS,,,,,,,,,,,,,,,,,,,,,93.9100036621094,,,,,,,,,,,96.0400009155273,,,,,,,,,,97.1900024414062,,,,,,,,,,,,,,,,,,,99.1399993896484,,,,,
Armenia,ARM,"Literacy rate, adult total (% of people ages 15 and above)",SE.ADT.LITR.ZS,,,,,,,,,,,,,,,,,,,,,,,,,,,,,,98.75,,,,,,,,,,,,99.4000015258789,,,,,,,,,,99.7399978637695,,,,,99.7399978637695,99.7399978637695,100,100,99.7900009155273,,99.8199996948242,99.8399963378906,,
American Samoa,ASM,"Literacy rate, adult total (% of people ages 15 and above)",SE.ADT.LITR.ZS,,,,,,,,,,,,,,,,,,,,,97.3399963378906,,,,,,,,,,,,,,,,,,,,,,,,,,,,,,,,,,,,,,,,,,,,,
Antigua and Barbuda,ATG,"Literacy rate, adult total (% of people ages 15 and above)",SE.ADT.LITR.ZS,,,,,,,,,,,,,,,,,,,,,,,,,,,,,,,,,,,,,,,,,,98.9499969482422,,,,,,,,,,,,,,,,,,,,,,,,
Australia,AUS,"Literacy rate, adult total (% of people ages 15 and above)",SE.ADT.LITR.ZS,,,,,,,,,,,,,,,,,,,,,,,,,,,,,,,,,,,,,,,,,,,,,,,,,,,,,,,,,,,,,,,,,,
Austria,AUT,"Literacy rate, adult total (% of people ages 15 and above)",SE.ADT.LITR.ZS,,,,,,,,,,,,,,,,,,,,,,,,,,,,,,,,,,,,,,,,,,,,,,,,,,,,,,,,,,,,,,,,,,
Azerbaijan,AZE,"Literacy rate, adult total (% of people ages 15 and above)",SE.ADT.LITR.ZS,,,,,,,,,,,,,,,,,,,,,,,,,,,,,,,,,,,,,,,,98.7900009155273,,,,,,,,99.5899963378906,,99.7600021362305,99.7699966430664,99.7799987792969,99.7799987792969,99.7900009155273,99.7900009155273,99.7900009155273,99.7900009155273,99.7900009155273,,99.8000030517578,,,,99.7799987792969,,
Burundi,BDI,"Literacy rate, adult total (% of people ages 15 and above)",SE.ADT.LITR.ZS,,,,,,,,,,,,,,,,,,,,22.5100002288818,,,,,,,,,,,37.3800010681152,,,,,,,,,,59.2999992370605,,,,,,,,48.0800018310547,,,,,,61.2900009155273,,65.6900024414062,68.379997253418,,,71.3374789737041,,,,,
Belgium,BEL,"Literacy rate, adult total (% of people ages 15 and above)",SE.ADT.LITR.ZS,,,,,,,,,,,,,,,,,,,,,,,,,,,,,,,,,,,,,,,,,,,,,,,,,,,,,,,,,,,,,,,,,,
Benin,BEN,"Literacy rate, adult total (% of people ages 15 and above)",SE.ADT.LITR.ZS,,,,,,,,,,,,,,,,,,,,16.4799995422363,,,,,,,,,,,,,27.25,,,,,,,,,,34.6599998474121,,,,,,,,,44.6881229256471,,45.0800018310547,,,,38.8699989318848,,49,,43.8300018310547,51.3800010681152,,,
Burkina Faso,BFA,"Literacy rate, adult total (% of people ages 15 and above)",SE.ADT.LITR.ZS,,,,,,,,,,,,,,,,8.82999992370605,,,,,,,,,,,,,,,,13.5699996948242,,,,,12.8500003814697,,,,,,,21.8199996948242,,23.5200004577637,22.4699993133545,27.8799991607666,,,,,,,34.5999984741211,,,,39.3499984741211,29.6599998474121,,36.9700012207031,40.9199981689453,41.5670909952631,,
Bangladesh,BGD,"Literacy rate, adult total (% of people ages 15 and above)",SE.ADT.LITR.ZS,,,,,,,,,,,,,,,,,,,,,,29.2299995422363,,,,,,,,,,35.3199996948242,,,,,,,,,,47.4900016784668,,,,,,,,,,58.7700004577637,57.8600006103516,61.0200004577637,61.0900001525879,65.1399993896484,72.7600021362305,72.8899993896484,73.9100036621094,74.6800003051758,74.9100036621094,76.3600006103516,79,,,
Bulgaria,BGR,"Literacy rate, adult total (% of people ages 15 and above)",SE.ADT.LITR.ZS,,,,,,,,,,,,,,,,,,,,,,,,,,,,,,,,,,,,,,,,,,98.1999969482422,,,,,,,,,,98.3499984741211,,,,,,,,,,,,,,
Bahrain,BHR,"Literacy rate, adult total (% of people ages 15 and above)",SE.ADT.LITR.ZS,,,,,,,,,,,,,,,,,,,,,,69.75,,,,,,,,,,84.0100021362305,,,,,,,,,,86.5500030517578,,,,,,,,,,,,,,,,,,,,,97.870002746582,97.8499984741211,97.8199996948242,
"Bahamas, The",BHS,"Literacy rate, adult total (% of people ages 15 and above)",SE.ADT.LITR.ZS,,,,,,,,,,,,,,,,,,,,,,,,,,,,,,,,,,,,,,,,,,,,,,,,,,,,,,,,,,,,,,,,,,
Bosnia and Herzegovina,BIH,"Literacy rate, adult total (% of people ages 15 and above)",SE.ADT.LITR.ZS,,,,,,,,,,,,,,,,,,,,,,,,,,,,,,,,89.0599975585938,,,,,,,,,96.6600036621094,,,,,,,,,,,,,96.9899978637695,,,,,,,,,,,,
Belarus,BLR,"Literacy rate, adult total (% of people ages 15 and above)",SE.ADT.LITR.ZS,,,,,,,,,,,,,,,,,,,,,,,,,,,,,,97.879997253418,,,,,,,,,,99.5899963378906,,,,,,,,,,99.620002746582,,,,,,,,,,99.870002746582,,,,,,
Belize,BLZ,"Literacy rate, adult total (% of people ages 15 and above)",SE.ADT.LITR.ZS,,,,,,,,,,,,,,,,,,,,,,,,,,,,,,,,70.3000030517578,,,,,,,,,76.9000015258789,,,,,,,,,,,,,,,90.9199981689453,,,,,,,87.879997253418,,,
Bermuda,BMU,"Literacy rate, adult total (% of people ages 15 and above)",SE.ADT.LITR.ZS,,,,,,,,,,,,,,,,,,,,,,,,,,,,,,,,,,,,,,,,,,,,,,,,,,,,,,,,,,,,,,,,,,
Bolivia,BOL,"Literacy rate, adult total (% of people ages 15 and above)",SE.ADT.LITR.ZS,,,,,,,,,,,,,,,,,63.2099990844727,,,,,,,,,,,,,,,,79.9899978637695,,,,,,,,,86.7200012207031,,,,,,90.2900009155273,90.6999969482422,91.1699981689453,,92.2300033569336,94.4599990844727,,,92.4599990844727,,,,,93.8499984741211,,,95.5500030517578,96.7300033569336,
Brazil,BRA,"Literacy rate, adult total (% of people ages 15 and above)",SE.ADT.LITR.ZS,,,,,,,,,,,,,,,,,,,,,74.5899963378906,,,,,,,,,,,,,,,,,,,,86.370002746582,,,,88.620002746582,,89.620002746582,90.0100021362305,90.0400009155273,90.3000030517578,90.379997253418,91.4100036621094,91.3399963378906,91.4800033569336,91.7300033569336,92.0500030517578,92.8099975585938,93.0800018310547,93.2300033569336,93.8926266999537,94.7444114331042,94.7726170886975,94.376866160108,94.5725490635077,94.7399978637695,
Barbados,BRB,"Literacy rate, adult total (% of people ages 15 and above)",SE.ADT.LITR.ZS,,,,,,,,,,,99.2699966430664,,,,,,,,,,,,,,,,,,,,,,,,,,,,,,,,,,,,,,,,,,,,,,,,,,,,,,,
Brunei Darussalam,BRN,"Literacy rate, adult total (% of people ages 15 and above)",SE.ADT.LITR.ZS,,,,,,,,,,,,,,,,,,,,,,77.7399978637695,,,,,,,,,,87.8000030517578,,,,,,,,,,92.6699981689453,,,,,,,,,,96.0899963378906,,,,,,,,,,,,,,
Bhutan,BTN,"Literacy rate, adult total (% of people ages 15 and above)",SE.ADT.LITR.ZS,,,,,,,,,,,,,,,,,,,,,,,,,,,,,,,,,,,,,,,,,,,,,,52.810001373291,,,,,,,55.3199996948242,,,,,66.5599975585938,,,,,64.9100036621094,,,
Botswana,BWA,"Literacy rate, adult total (% of people ages 15 and above)",SE.ADT.LITR.ZS,,,,,,,,,,,,,,,,,,,,,,,,,,,,,,,,68.5800018310547,,,,,,,,,,,,81.1900024414062,,,,,,,,,,,,,,,,,,,,,,
Central African Republic,CAF,"Literacy rate, adult total (% of people ages 15 and above)",SE.ADT.LITR.ZS,,,,,,,,,,,,,,,,18.2399997711182,,,,,,,,,,,,,33.6199989318848,,,,,,,,,,,,50.6500015258789,,,,,,,,,,,,,,,,,,,42.439998626709,,,,,,
Canada,CAN,"Literacy rate, adult total (% of people ages 15 and above)",SE.ADT.LITR.ZS,,,,,,,,,,,,,,,,,,,,,,,,,,,,,,,,,,,,,,,,,,,,,,,,,,,,,,,,,,,,,,,,,,
Central Europe and the Baltics,CEB,"Literacy rate, adult total (% of people ages 15 and above)",SE.ADT.LITR.ZS,,,,,,,,,,,,,,,,,,,,,,97.9700012207031,97.9899978637695,98.0100021362305,98.0500030517578,98.0800018310547,98.1100006103516,98.1500015258789,98.2300033569336,98.2900009155273,98.3600006103516,98.4199981689453,98.4700012207031,98.5199966430664,98.5699996948242,,,,,,,,,,,,,,,,,,,,99.3099975585938,99.3300018310547,99.3499984741211,99.370002746582,99.4199981689453,99.4400024414062,99.4499969482422,99.4700012207031,99.4800033569336,99.4899978637695,99.5,
Switzerland,CHE,"Literacy rate, adult total (% of people ages 15 and above)",SE.ADT.LITR.ZS,,,,,,,,,,,,,,,,,,,,,,,,,,,,,,,,,,,,,,,,,,,,,,,,,,,,,,,,,,,,,,,,,,
Channel Islands,CHI,"Literacy rate, adult total (% of people ages 15 and above)",SE.ADT.LITR.ZS,,,,,,,,,,,,,,,,,,,,,,,,,,,,,,,,,,,,,,,,,,,,,,,,,,,,,,,,,,,,,,,,,,
Chile,CHL,"Literacy rate, adult total (% of people ages 15 and above)",SE.ADT.LITR.ZS,,,,,,,,,,,,,,,,,,,,,,,91.129997253418,,,,,,,,,,94.2900009155273,,,,,,,,,,95.7200012207031,,,,,,,,,96.6999969482422,,96.2699966430664,,96.870002746582,,96.4000015258789,,,,,,,,
China,CHN,"Literacy rate, adult total (% of people ages 15 and above)",SE.ADT.LITR.ZS,,,,,,,,,,,,,,,,,,,,,,,65.5100021362305,,,,,,,,77.7900009155273,,,,,,,,,,90.9199981689453,,,,,,,,,,95.120002746582,,,,,,,,,,96.7399978637695,,,,,
Cote d'Ivoire,CIV,"Literacy rate, adult total (% of people ages 15 and above)",SE.ADT.LITR.ZS,,,,,,,,,,,,,,,,,,,,,,,,,,,,,34.1399993896484,,,,,,,,,,36.3499984741211,,48.7400016784668,,,,,,,,,,,,,,43.9099998474121,,50.0400009155273,,,56.9592400560829,,50,,,,
Cameroon,CMR,"Literacy rate, adult total (% of people ages 15 and above)",SE.ADT.LITR.ZS,,,,,,,,,,,,,,,,,41.2200012207031,,,,,,,,,,,,,,,,,,,,,,,,68.4100036621094,,,,,,,70.6800003051758,,,71.1900024414062,,,,,,,,72.5500030517578,,,,,,,
"Congo, Dem. Rep.",COD,"Literacy rate, adult total (% of people ages 15 and above)",SE.ADT.LITR.ZS,,,,,,,,,,,,,,,,,,,,,,,,,,,,,,,,,,,,,,,,,,67.1699981689453,,,,,,,,,,,75.0199966430664,,,,77.0400009155273,,73.5500030517578,,65.6828744335957,,,68.5,,
"Congo, Rep.",COG,"Literacy rate, adult total (% of people ages 15 and above)",SE.ADT.LITR.ZS,,,,,,,,,,,,,,,,,,,,,,,,,59.6199989318848,,,,,,,,,,,,,,,,,,,,,76.1100006103516,,,,,,,,,,,,,,,,,,,,
Colombia,COL,"Literacy rate, adult total (% of people ages 15 and above)",SE.ADT.LITR.ZS,,,,,,,,,,,,,,,,,,,,,,,,,,,,,,,,,,91.0599975585938,,,91.2099990844727,,,,,,,,92.8000030517578,92.8499984741211,92.3000030517578,92.6500015258789,93.379997253418,93.2399978637695,93.370002746582,93.5800018310547,,,94.1900024414062,94.25,94.6500015258789,94.8873885601748,95.0899963378906,95.25,95.6399993896484,95.6606500324449,95.31030793,95.4566254983696,95.3399963378906,
Comoros,COM,"Literacy rate, adult total (% of people ages 15 and above)",SE.ADT.LITR.ZS,,,,,,,,,,,,,,,,,,,,,47.9199981689453,,,,,,,,,,,,,,,,,,,,68.25,,,,,,,,,,,,,,73.6494960644007,,,,,,,75.6201980162165,,,,
Cabo Verde,CPV,"Literacy rate, adult total (% of people ages 15 and above)",SE.ADT.LITR.ZS,,,,,,,,,,,,,,,,,,,,,,,,,,,,,,,62.7999992370605,,,,,,,,,,,,,,,,,,,82.2189574366152,,,85.3300018310547,,,86.7900009155273,,,,,,,,,88.4700012207031,
Costa Rica,CRI,"Literacy rate, adult total (% of people ages 15 and above)",SE.ADT.LITR.ZS,,,,,,,,,,,,,,,,,,,,,,,,,92.629997253418,,,,,,,,,,,,,,,,94.870002746582,,,,,,,,,,,97.4100036621094,,,,,,,,,,,,,,
Caribbean small states,CSS,"Literacy rate, adult total (% of people ages 15 and above)",SE.ADT.LITR.ZS,,,,,,,,,,,,,,,,,,,,,,,,,,,,,,,,,,86.8099975585938,86.870002746582,87.1699981689453,87.4700012207031,87.7600021362305,88.0500030517578,88.3399963378906,88.620002746582,88.879997253418,89.1500015258789,89.4100036621094,89.6500015258789,89.9499969482422,90.1500015258789,90.75,91.0199966430664,,,,,,,,,,,,,,,,,
Cuba,CUB,"Literacy rate, adult total (% of people ages 15 and above)",SE.ADT.LITR.ZS,,,,,,,,,,,,,,,,,,,,,,97.8499984741211,,,,,,,,,,,,,,,,,,,,,99.8000030517578,,,,,,,,,,99.6699981689453,,,,,,,97.6500015258789,,,,,,
Curacao,CUW,"Literacy rate, adult total (% of people ages 15 and above)",SE.ADT.LITR.ZS,,,,,,,,,,,,,,,,,,,,,,,,,,,,,,,,,,,,,,,,,,,,,,,,,,,,,,,,,,,,,,,,,,
Cayman Islands,CYM,"Literacy rate, adult total (% of people ages 15 and above)",SE.ADT.LITR.ZS,,,,,,,,,,,,,,,,,,,,,,,,,,,,,,,,,,,,,,,,,,,,,,,,98.870002746582,,,,,,,,,,98.870002746582,,,,,,,,
Cyprus,CYP,"Literacy rate, adult total (% of people ages 15 and above)",SE.ADT.LITR.ZS,,,,,,,,,,,,,,,,,,,,,,,,,,,,,,,,,94.3600006103516,,,,,,,,,96.8000030517578,,,,,,,,,,98.6800003051758,,,,,,,,,,,,,,
Czechia,CZE,"Literacy rate, adult total (% of people ages 15 and above)",SE.ADT.LITR.ZS,,,,,,,,,,,,,,,,,,,,,,,,,,,,,,,,,,,,,,,,,,,,,,,,,,,,,,,,,,,,,,,,,,
Germany,DEU,"Literacy rate, adult total (% of people ages 15 and above)",SE.ADT.LITR.ZS,,,,,,,,,,,,,,,,,,,,,,,,,,,,,,,,,,,,,,,,,,,,,,,,,,,,,,,,,,,,,,,,,,
Djibouti,DJI,"Literacy rate, adult total (% of people ages 15 and above)",SE.ADT.LITR.ZS,,,,,,,,,,,,,,,,,,,,,,,,,,,,,,,,,,,,,,,,,,,,,,,,,,,,,,,,,,,,,,,,,,
Dominica,DMA,"Literacy rate, adult total (% of people ages 15 and above)",SE.ADT.LITR.ZS,,,,,,,,,,,,,,,,,,,,,,,,,,,,,,,,,,,,,,,,,,,,,,,,,,,,,,,,,,,,,,,,,,
Denmark,DNK,"Literacy rate, adult total (% of people ages 15 and above)",SE.ADT.LITR.ZS,,,,,,,,,,,,,,,,,,,,,,,,,,,,,,,,,,,,,,,,,,,,,,,,,,,,,,,,,,,,,,,,,,
Dominican Republic,DOM,"Literacy rate, adult total (% of people ages 15 and above)",SE.ADT.LITR.ZS,,,,,,,,,,,,,,,,,,,,,,73.0599975585938,,,,,,,,,,,,,,,,,,,,,87,,,,,88.2399978637695,,,89.5400009155273,90.1100006103516,90.1600036621094,90.8600006103516,91.7600021362305,91.9899978637695,93.7799987792969,93.2332153385684,93.4360584896058,93.6726916249429,93.6926372060753,93.7309714425844,93.7022375646963,94.3123758236054,94.0299987792969,
Algeria,DZA,"Literacy rate, adult total (% of people ages 15 and above)",SE.ADT.LITR.ZS,,,,,,,,,,,,,,,,,,,,,,,,,,,,49.6300010681152,,,,,,,,,,,,,,,69.870002746582,,,,72.6500015258789,,75.1399993896484,,,,,,,,,,,,,,,,,
East Asia & Pacific (excluding high income),EAP,"Literacy rate, adult total (% of people ages 15 and above)",SE.ADT.LITR.ZS,,,,,,,,,,,,,,,,,63.8600006103516,64.0299987792969,65.2200012207031,66.5699996948242,67.7799987792969,68.9199981689453,69.9700012207031,70.9800033569336,72.0599975585938,73.0800018310547,74,75.2200012207031,79.4199981689453,80.0999984741211,80.7300033569336,81.2900009155273,81.8199996948242,82.3099975585938,82.870002746582,83.4300003051758,83.9300003051758,89.5100021362305,89.879997253418,90.1800003051758,90.5500030517578,90.8899993896484,91.2399978637695,91.5800018310547,91.9000015258789,92.2200012207031,92.5699996948242,93.7799987792969,94.0800018310547,94.3600006103516,94.4100036621094,94.629997253418,94.8600006103516,94.9300003051758,95.3399963378906,95.5400009155273,95.7399978637695,95.9300003051758,95.9499969482422,96.0999984741211,96.3099975585938,96.4499969482422,96.5899963378906,96.7200012207031,96.8499984741211,
Early-demographic dividend,EAR,"Literacy rate, adult total (% of people ages 15 and above)",SE.ADT.LITR.ZS,,,,,,,,,,,,,,,,48.7299995422363,48.9599990844727,49.5800018310547,50.2200012207031,50.810001373291,51.4099998474121,52.0099983215332,52.6399993896484,53.25,54.060001373291,54.689998626709,55.3199996948242,56.1699981689453,56.8699989318848,57.560001373291,58.4199981689453,59.1199989318848,59.9799995422363,60.8199996948242,61.6199989318848,62.4799995422363,63.2400016784668,63.9900016784668,66.9899978637695,67.6900024414062,68.4400024414062,69.0100021362305,69.6699981689453,70.6100006103516,71.2799987792969,71.2900009155273,71.3000030517578,72.2799987792969,73.129997253418,73.879997253418,75.3499984741211,75.7600021362305,76.0299987792969,76.7099990844727,77.5,78.4100036621094,79.0800018310547,79.3300018310547,79.6800003051758,79.7900009155273,80.3000030517578,80.7099990844727,81.2399978637695,81.6800003051758,82.0999984741211,
East Asia & Pacific,EAS,"Literacy rate, adult total (% of people ages 15 and above)",SE.ADT.LITR.ZS,,,,,,,,,,,,,,,,,65.9899978637695,66.1999969482422,67.2900009155273,68.5199966430664,69.6100006103516,70.6399993896484,71.6100006103516,72.5299987792969,73.5100021362305,74.4300003051758,75.2600021362305,76.4100036621094,80.1399993896484,80.7600021362305,81.3300018310547,81.8399963378906,82.3300018310547,82.7699966430664,83.3000030517578,83.8399963378906,84.3000030517578,89.2699966430664,89.629997253418,89.9499969482422,90.3099975585938,90.629997253418,90.9800033569336,91.3499984741211,91.6800003051758,92.0199966430664,92.370002746582,93.5100021362305,93.8199996948242,94.0899963378906,94.0800018310547,94.3000030517578,94.5400009155273,94.620002746582,95.0899963378906,95.3000030517578,95.5,95.6900024414062,95.7300033569336,95.870002746582,96.0899963378906,96.2200012207031,96.3600006103516,96.4899978637695,96.6100006103516,
Europe & Central Asia (excluding high income),ECA,"Literacy rate, adult total (% of people ages 15 and above)",SE.ADT.LITR.ZS,,,,,,,,,,,,,,,,,,,,,,,,,,,,,92.1800003051758,92.2799987792969,92.5199966430664,92.7699966430664,93.0100021362305,93.2200012207031,93.4300003051758,93.6399993896484,93.9599990844727,94.1600036621094,94.4599990844727,94.6699981689453,95.0299987792969,95.1800003051758,95.3300018310547,95.4599990844727,95.5599975585938,95.8399963378906,95.7300033569336,95.9000015258789,96.0199966430664,96.8499984741211,97.4199981689453,97.870002746582,98.129997253418,98.2099990844727,98.2900009155273,98.3600006103516,98.4800033569336,98.5899963378906,98.6600036621094,98.8000030517578,98.8300018310547,98.870002746582,98.9100036621094,98.9599990844727,99.0199966430664,
Europe & Central Asia,ECS,"Literacy rate, adult total (% of people ages 15 and above)",SE.ADT.LITR.ZS,,,,,,,,,,,,,,,,,,,,,,,,,,,,,,,,,,,95.8000030517578,95.9499969482422,96.129997253418,96.2600021362305,96.4199981689453,96.5400009155273,96.6399993896484,,96.9000015258789,96.9899978637695,97.0699996948242,97.1900024414062,97.25,97.3300018310547,97.4499969482422,97.7099990844727,97.870002746582,98.0199966430664,98.120002746582,98.1800003051758,98.2200012207031,98.2699966430664,98.3300018310547,98.4100036621094,98.5,98.5699996948242,98.6100006103516,98.7399978637695,98.75,98.7699966430664,,
Ecuador,ECU,"Literacy rate, adult total (% of people ages 15 and above)",SE.ADT.LITR.ZS,,,,,,,,,,,,,,,,,,,,,,,83.5500030517578,,,,,,,,88.3000030517578,,,,,,,,,,,90.9800033569336,,,,,,92.0999984741211,92.3899993896484,92.25,91.8499984741211,91.5899963378906,92.0599975585938,93.2900009155273,94.2200012207031,94.4599990844727,94.3499984741211,92.8300018310547,,,93.629997253418,94.4800033569336,96.2600021362305,,93.4899978637695,
"Egypt, Arab Rep.",EGY,"Literacy rate, adult total (% of people ages 15 and above)",SE.ADT.LITR.ZS,,,,,,,,,,,,,,,,,38.2000007629395,,,,,,,,,,44.4199981689453,,,,,,,,,,55.5900001525879,,,,,,,,,67.3300018310547,66.370002746582,,,,72.0500030517578,,73.870002746582,72.4400024414062,,,,71.1699981689453,,,,82.0803858167894,79.4531619498685,,,
Euro area,EMU,"Literacy rate, adult total (% of people ages 15 and above)",SE.ADT.LITR.ZS,,,,,,,,,,,,,,,,,,,,,,,,,,,,,,,,,,,,,,,,,,,,,,,,,,,,,,,,,,,,,,,,,,
Eritrea,ERI,"Literacy rate, adult total (% of people ages 15 and above)",SE.ADT.LITR.ZS,,,,,,,,,,,,,,,,,,,,,,,,,,,,,,,,,,,,,,,,,,,52.5099983215332,,,,,,64.6600036621094,,,,,,,,,,,,,,,,,
Spain,ESP,"Literacy rate, adult total (% of people ages 15 and above)",SE.ADT.LITR.ZS,,,,,,,,,,,,,,,,,,,,,,92.8099975585938,,,,,,,,,,96.4899978637695,,,,,,,,,,,,,97.1699981689453,97.75,97.75,97.9400024414062,97.629997253418,97.6800003051758,97.75,97.7799987792969,97.8899993896484,98.0800018310547,98.0899963378906,98.1399993896484,98.25,,98.4400024414062,,98.5899963378906,99.6999969482422,,,,
Estonia,EST,"Literacy rate, adult total (% of people ages 15 and above)",SE.ADT.LITR.ZS,,,,,,,,,,,,,,,,,,,,,,,,,,,,,,99.7300033569336,,,,,,,,,,,99.7699966430664,,,,,,,,,,,99.8899993896484,,,,,,,,,,,,,,
Ethiopia,ETH,"Literacy rate, adult total (% of people ages 15 and above)",SE.ADT.LITR.ZS,,,,,,,,,,,,,,,,,,,,,,,,,,,,,,,,,,,27.0100002288818,,,,,,,,,,35.9000015258789,,,39,,,,,,48.3549726348554,,,47.4900016784668,,,55.0499992370605,,54.8853699463392,60.4599990844727,,,
European Union,EUU,"Literacy rate, adult total (% of people ages 15 and above)",SE.ADT.LITR.ZS,,,,,,,,,,,,,,,,,,,,,,,,,,,,,,,,,,,,,,,,,,,,,,,,,,,,,,,,,,,,,,,,,,
Fragile and conflict affected situations,FCS,"Literacy rate, adult total (% of people ages 15 and above)",SE.ADT.LITR.ZS,,,,,,,,,,,,,,,,,,,,,,,,,,,57.7700004577637,58.2999992370605,58.8300018310547,59.2200012207031,59.7400016784668,60,60.189998626709,60.439998626709,61.0099983215332,61.5099983215332,61.8800010681152,62.4700012207031,63.1100006103516,63.5699996948242,61.810001373291,62.3199996948242,62.7999992370605,63.0299987792969,63.6199989318848,63.8499984741211,62.6300010681152,62.2599983215332,62.6599998474121,63.0800018310547,63.2200012207031,64.5699996948242,64.8199996948242,65.4800033569336,66.0100021362305,66.4300003051758,66.9000015258789,67.6100006103516,67.4199981689453,67.2099990844727,67.1100006103516,67.1900024414062,67.3199996948242,67.4700012207031,67.5800018310547,
Finland,FIN,"Literacy rate, adult total (% of people ages 15 and above)",SE.ADT.LITR.ZS,,,,,,,,,,,,,,,,,,,,,,,,,,,,,,,,,,,,,,,,,,,,,,,,,,,,,,,,,,,,,,,,,,
Fiji,FJI,"Literacy rate, adult total (% of people ages 15 and above)",SE.ADT.LITR.ZS,,,,,,,,,,,,,,,,,,,,,,,,,,,,,,,,,,,,,,,,,,,,,,,,,,,,,,,,,,,,,,,,,,
France,FRA,"Literacy rate, adult total (% of people ages 15 and above)",SE.ADT.LITR.ZS,,,,,,,,,,,,,,,,,,,,,,,,,,,,,,,,,,,,,,,,,,,,,,,,,,,,,,,,,,,,,,,,,,
Faroe Islands,FRO,"Literacy rate, adult total (% of people ages 15 and above)",SE.ADT.LITR.ZS,,,,,,,,,,,,,,,,,,,,,,,,,,,,,,,,,,,,,,,,,,,,,,,,,,,,,,,,,,,,,,,,,,
"Micronesia, Fed. Sts.",FSM,"Literacy rate, adult total (% of people ages 15 and above)",SE.ADT.LITR.ZS,,,,,,,,,,,,,,,,,,,,,,,,,,,,,,,,,,,,,,,,,,,,,,,,,,,,,,,,,,,,,,,,,,
Gabon,GAB,"Literacy rate, adult total (% of people ages 15 and above)",SE.ADT.LITR.ZS,,,,,,,,,,,,,,,,,,,,,,,,,,,,,,,,,,72.2300033569336,,,,,,,,,,,,,,,,,,,,,,,,,,,,88.8600006103516,,,,
United Kingdom,GBR,"Literacy rate, adult total (% of people ages 15 and above)",SE.ADT.LITR.ZS,,,,,,,,,,,,,,,,,,,,,,,,,,,,,,,,,,,,,,,,,,,,,,,,,,,,,,,,,,,,,,,,,,
Georgia,GEO,"Literacy rate, adult total (% of people ages 15 and above)",SE.ADT.LITR.ZS,,,,,,,,,,,,,,,,,,,,,,,,,,,,,,,,,,,,,,,,,,,99.6500015258789,,,,,,,,,,,,99.5899963378906,,,99.3600006103516,99.6500015258789,99.8757151699707,99.8930662080586,99.9180842054209,99.5699996948242,99.5599975585938,99.6800003051758,
Ghana,GHA,"Literacy rate, adult total (% of people ages 15 and above)",SE.ADT.LITR.ZS,,,,,,,,,,,,,,,,,,,,,,,,,,,,,,,,,,,,,,,,,57.9000015258789,,,,,,,,,,71.5,,,,,60.1981035367761,,64.4899978637695,,,,76.4899978637695,,,,
Gibraltar,GIB,"Literacy rate, adult total (% of people ages 15 and above)",SE.ADT.LITR.ZS,,,,,,,,,,,,,,,,,,,,,,,,,,,,,,,,,,,,,,,,,,,,,,,,,,,,,,,,,,,,,,,,,,
Guinea,GIN,"Literacy rate, adult total (% of people ages 15 and above)",SE.ADT.LITR.ZS,,,,,,,,,,,,,,,,,,,,,,,,,,,,,,,,,,,,,20.5499992370606,,,,,,,29.7000007629394,,,,,,,25.3099994659424,,,,32,,,,39.6199989318848,,,,,,,
"Gambia, The",GMB,"Literacy rate, adult total (% of people ages 15 and above)",SE.ADT.LITR.ZS,,,,,,,,,,,,,,,,,,,,,,,,,,,,,,,,,,,,,,,,,36.8199996948242,,,,,,,,,,,,,,,50.7799987792969,,,53.1599998474121,,,51.6399993896484,,,,
Guinea-Bissau,GNB,"Literacy rate, adult total (% of people ages 15 and above)",SE.ADT.LITR.ZS,,,,,,,,,,,,,,,,,,,,19.9599990844727,,,,,,,,,,,,,,,,,,,,,41.3600006103516,,,,,,,,,,,,,,,,,,,54.8800010681152,,,63.9300003051758,,,
Equatorial Guinea,GNQ,"Literacy rate, adult total (% of people ages 15 and above)",SE.ADT.LITR.ZS,,,,,,,,,,,,,,,,,,,,,,,,,,,,,,,,,,,,,,,,,88.3099975585938,,,,,,,,,,,,,,,,,,,,,,,,,
Greece,GRC,"Literacy rate, adult total (% of people ages 15 and above)",SE.ADT.LITR.ZS,,,,,,,,,,,,,,,,,,,,,,90.5100021362305,,,,,,,,,,92.6100006103516,,,,,,,,,,95.9899978637695,,,,,,,,93.9100036621094,,,,,,,,,,,,,,,,
Grenada,GRD,"Literacy rate, adult total (% of people ages 15 and above)",SE.ADT.LITR.ZS,,,,,,,,,,,97.7900009155273,,,,,,,,,,,,,,,,,,,,,,,,,,,,,,,,,,,,,,,,,,,,,,,,,,,,,,,
Greenland,GRL,"Literacy rate, adult total (% of people ages 15 and above)",SE.ADT.LITR.ZS,,,,,,,,,,,,,,,,,,,,,,,,,,,,,,,,,,,,,,,,,,,,,,,,,,,,,,,,,,,,,,,,,,
Guatemala,GTM,"Literacy rate, adult total (% of people ages 15 and above)",SE.ADT.LITR.ZS,,,,,,,,,,,,,,,,,,,,,,,,,,,,,,,,,,,64.2099990844727,,,,,,,,69.0999984741211,,,,,,,,,,78.2600021362305,77.0400009155273,81.2900009155273,80.1999969482422,,,80.8099975585938,,,,83.0299987792969,83.0195796057608,82.1100006103516,
Guam,GUM,"Literacy rate, adult total (% of people ages 15 and above)",SE.ADT.LITR.ZS,,,,,,,,,,,,,,,,,,,,,96.4199981689453,,,,,,,,,,99.370002746582,,,,,,,,,,,,,,,,,,,,,,,,,,,,,,,,,,,
Guyana,GUY,"Literacy rate, adult total (% of people ages 15 and above)",SE.ADT.LITR.ZS,,,,,,,,,,,,,,,,,,,,,,,,,,,,,,,,,,,,,,,,,,,,,,,,,,,,,,,,,,,,,85.6399993896484,,,,,
High income,HIC,"Literacy rate, adult total (% of people ages 15 and above)",SE.ADT.LITR.ZS,,,,,,,,,,,,,,,,,,,,,,,,,,,,,,,,,,,,,,,,,,,,,,,,,,,,,,,,,,,,,97.7099990844727,,,,,
"Hong Kong SAR, China",HKG,"Literacy rate, adult total (% of people ages 15 and above)",SE.ADT.LITR.ZS,,,,,,,,,,,,,,,,,,,,,,,,,,,,,,,,,,,,,,,,,,,,,,,,,,,,,,,,,,,,,,,,,,
Honduras,HND,"Literacy rate, adult total (% of people ages 15 and above)",SE.ADT.LITR.ZS,,,,,,,,,,,,,,,,,,,,,,,,,,,,,,,,,,,,,,,,,,80.0100021362305,,,,,,83.5899963378906,,,84.7600021362305,85.120002746582,85.3600006103516,85.4599990844727,87.1999969482422,87.9100036621094,88.9899978637695,,87.2099990844727,88.5100021362305,,,88.2192789618317,87.0899963378906,88.25,
Heavily indebted poor countries (HIPC),HPC,"Literacy rate, adult total (% of people ages 15 and above)",SE.ADT.LITR.ZS,,,,,,,,,,,,,,,,,,,,,,,,,,,43.6599998474121,44.2900009155273,44.7099990844727,45.2599983215332,45.810001373291,46.1800003051758,46.4500007629395,46.8400001525879,47.25,47.5400009155273,47.9900016784668,48.6300010681152,49.0999984741211,49.9199981689453,50.9099998474121,51.7299995422363,52.4500007629395,52.9900016784668,53.5299987792969,53.7799987792969,52.1199989318848,53.5200004577637,53.8199996948242,54.0400009155273,55.060001373291,57.2900009155273,58.6699981689453,59.7400016784668,60.2700004577637,60.8499984741211,61.4599990844727,62.5800018310547,64.5400009155273,64.7099990844727,64.9599990844727,65.4199981689453,65.870002746582,66.3000030517578,66.629997253418,
Croatia,HRV,"Literacy rate, adult total (% of people ages 15 and above)",SE.ADT.LITR.ZS,,,,,,,,,,,,,,,,,,,,,,,,,,,,,,,,96.6999969482422,,,,,,,,,,98.1500015258789,,,,,,,,,,,,,,,,,,,,,,,,
Haiti,HTI,"Literacy rate, adult total (% of people ages 15 and above)",SE.ADT.LITR.ZS,,,,,,,,,,,,,,,,,,,,,,,34.7299995422363,,,,,,,,,,,,,,,,,,,,,58.7400016784668,,,,,,,,,73.953334886651,,,,,68.0100021362305,,,,,,,,
Hungary,HUN,"Literacy rate, adult total (% of people ages 15 and above)",SE.ADT.LITR.ZS,,,,,,,,,,,,,,,,,,,,,98.8600006103516,,,,,,,,,,,,,,,,,,,,,,,,,,,,,,,,,,,,,,,,,,,,,
IBRD only,IBD,"Literacy rate, adult total (% of people ages 15 and above)",SE.ADT.LITR.ZS,,,,,,,,,,,,,,,,61.2799987792969,61.4799995422363,61.8499984741211,62.689998626709,63.5699996948242,64.3899993896484,65.1800003051758,65.9499969482422,66.6900024414062,67.5699996948242,68.3300018310547,69.0500030517578,69.8899993896484,72.0199966430664,72.6500015258789,73.3300018310547,73.9800033569336,74.629997253418,75.25,75.870002746582,76.5100021362305,77.120002746582,80.0899963378906,81.7799987792969,82.2600021362305,82.7900009155273,83.1100006103516,83.5100021362305,84.0999984741211,84.5,84.5299987792969,84.8199996948242,85.6999969482422,86.1699981689453,86.620002746582,87.1600036621094,87.4499969482422,87.8000030517578,88.0500030517578,88.4100036621094,88.6900024414062,88.870002746582,89.0599975585938,89.2900009155273,89.3399963378906,89.6399993896484,89.8600006103516,90.1699981689453,90.4400024414062,90.6900024414062,
IDA & IBRD total,IBT,"Literacy rate, adult total (% of people ages 15 and above)",SE.ADT.LITR.ZS,,,,,,,,,,,,,,,,58.4700012207031,58.6399993896484,59,59.7400016784668,60.5200004577637,61.25,61.9599990844727,62.6500015258789,63.3199996948242,64.120002746582,64.8199996948242,65.4800033569336,66.2699966430664,68.1900024414062,68.8000030517578,69.4700012207031,70.0400009155273,70.6600036621094,71.25,71.8300018310547,72.4000015258789,72.9499969482422,75.4700012207031,77.0199966430664,77.4899978637695,77.7799987792969,78.1500015258789,78.5800018310547,79.1600036621094,79.5699996948242,79.5800018310547,79.5199966430664,80.2200012207031,80.6399993896484,81.0400009155273,81.7600021362305,82.1699981689453,82.4100036621094,82.7799987792969,83.1600036621094,83.6399993896484,84.0299987792969,84.25,84.620002746582,84.6500015258789,84.8899993896484,85.0999984741211,85.379997253418,85.6100006103516,85.8199996948242,
IDA total,IDA,"Literacy rate, adult total (% of people ages 15 and above)",SE.ADT.LITR.ZS,,,,,,,,,,,,,,,,,,,,,44.8800010681152,45.1500015258789,45.439998626709,45.75,46.1100006103516,46.4799995422363,46.8400001525879,47.3800010681152,48.2000007629395,48.7400016784668,49.3300018310547,49.7799987792969,50.5900001525879,51.4700012207031,52.189998626709,52.8600006103516,53.4900016784668,54.2099990844727,55.4799995422363,56.2999992370605,55.9199981689453,56.6599998474121,57.3800010681152,58.1800003051758,58.8199996948242,58.9099998474121,57.6599998474121,57.8499984741211,58.4300003051758,58.8800010681152,60.6300010681152,61.689998626709,61.7599983215332,62.8800010681152,63.5099983215332,64.9199981689453,66.3199996948242,66.9100036621094,68,68.2099990844727,68.4800033569336,68.9400024414062,69.3600006103516,69.7300033569336,70.0500030517578,
IDA blend,IDB,"Literacy rate, adult total (% of people ages 15 and above)",SE.ADT.LITR.ZS,,,,,,,,,,,,,,,,,,,,,47.0200004577637,47.2999992370605,47.6100006103516,47.9000015258789,48.2400016784668,48.5800018310547,48.9300003051758,49.6100006103516,50.2999992370605,50.8800010681152,51.5900001525879,52.1699981689453,53.8199996948242,55.5,56.2000007629395,56.5200004577637,57.3199996948242,58.0900001525879,58.8300018310547,59.6199989318848,57.3899993896484,58.189998626709,58.9500007629395,60.0800018310547,60.7999992370605,60.3499984741211,61.0400009155273,59.5800018310547,60.5299987792969,60.7599983215332,61.2299995422363,61.4199981689453,62.6199989318848,62.5099983215332,63.4000015258789,64.129997253418,64.8499984741211,65.0599975585938,67.4300003051758,67.5199966430664,67.870002746582,68.2099990844727,68.5400009155273,68.8600006103516,69.1900024414062,
Indonesia,IDN,"Literacy rate, adult total (% of people ages 15 and above)",SE.ADT.LITR.ZS,,,,,,,,,,,,,,,,,,,,,67.3099975585938,,,,,,,,,,81.5199966430664,,,,,,,,,,,,,,90.379997253418,,91.9800033569336,,92.1900024414062,92.5800018310547,92.3199996948242,92.8099975585938,,,95.120002746582,95.2200012207031,95.379997253418,,95.6600036621094,,96,,,,,
IDA only,IDX,"Literacy rate, adult total (% of people ages 15 and above)",SE.ADT.LITR.ZS,,,,,,,,,,,,,,,,,,,,,,43.7000007629395,43.9799995422363,44.2900009155273,44.6800003051758,45.0900001525879,45.4599990844727,45.939998626709,46.8499984741211,47.3800010681152,47.9199981689453,48.310001373291,48.7000007629395,49.1699981689453,49.9199981689453,50.5999984741211,51.1500015258789,51.8199996948242,53.3400001525879,54.1800003051758,55.0499992370605,55.75,56.4599990844727,57.0800018310547,57.6699981689453,58.0699996948242,55.8300018310547,56.9099998474121,57.2799987792969,57.4900016784668,59.8699989318848,61.3800010681152,60.8499984741211,62.6199989318848,63.1199989318848,64.879997253418,66.6100006103516,67.4100036621094,68.8300018310547,69.0899963378906,69.3000030517578,69.8000030517578,70.2399978637695,70.620002746582,70.9199981689453,
Isle of Man,IMN,"Literacy rate, adult total (% of people ages 15 and above)",SE.ADT.LITR.ZS,,,,,,,,,,,,,,,,,,,,,,,,,,,,,,,,,,,,,,,,,,,,,,,,,,,,,,,,,,,,,,,,,,
India,IND,"Literacy rate, adult total (% of people ages 15 and above)",SE.ADT.LITR.ZS,,,,,,,,,,,,,,,,,,,,,,40.7599983215332,,,,,,,,,,48.2200012207031,,,,,,,,,,61.0099983215332,,,,,62.75,,,,68.325817300837,69.3000030517578,69.8279300354369,,,,,,73.6883524760717,74.8938629973395,75.5270629470344,76.0596617430205,76.3199996948242,81.6999969482422,78.1625330351403,
Not classified,INX,"Literacy rate, adult total (% of people ages 15 and above)",SE.ADT.LITR.ZS,,,,,,,,,,,,,,,,,,,,,,,,,,,,,,,,,,,,,,,,,,,,,,,,,,,,,,,,,,,,,,,,,,
Ireland,IRL,"Literacy rate, adult total (% of people ages 15 and above)",SE.ADT.LITR.ZS,,,,,,,,,,,,,,,,,,,,,,,,,,,,,,,,,,,,,,,,,,,,,,,,,,,,,,,,,,,,,,,,,,
"Iran, Islamic Rep.",IRN,"Literacy rate, adult total (% of people ages 15 and above)",SE.ADT.LITR.ZS,,,,,,,,,,,,,,,,,36.5200004577637,,,,,,,,,,52.3199996948242,,,,,65.5299987792969,,,,,73.0599975585938,,,,,,77,,,82.4400024414062,82.3300018310547,,82.9599990844727,83.222239914938,83.6646682357838,83.5199966430664,83.629997253418,84.629997253418,84.7099990844727,85.283432659187,85.5400009155273,85.9467906933665,86.8688350894209,87.3788306734933,87.9028264049083,88.4555944977134,88.5942297159365,88.9168161136597,,
Iraq,IRQ,"Literacy rate, adult total (% of people ages 15 and above)",SE.ADT.LITR.ZS,,,,,,,,,,,,,,,,,,,,,,,,,,,,,,,,,,,,,,,,,74.0500030517578,,,,,,,,,,,,77.1999969482422,,82.1999969482422,,83.3000030517578,85.5999984741211,,,,84.0648941705243,,,,
Iceland,ISL,"Literacy rate, adult total (% of people ages 15 and above)",SE.ADT.LITR.ZS,,,,,,,,,,,,,,,,,,,,,,,,,,,,,,,,,,,,,,,,,,,,,,,,,,,,,,,,,,,,,,,,,,
Israel,ISR,"Literacy rate, adult total (% of people ages 15 and above)",SE.ADT.LITR.ZS,,,,,,,,,,,,,,,,,,,,,,,,91.75,,,,,,,,,,,,,,,,,,,,,,,,,,,,,,,,,,,,,,,,,,
Italy,ITA,"Literacy rate, adult total (% of people ages 15 and above)",SE.ADT.LITR.ZS,,,,,,,,,,,,,,,,,,,,,,96.4599990844727,,,,,,,,,,,,,,,,,,,,98.4199981689453,,,,,,,,,,98.8499984741211,,,,,,,,99.3499984741211,,,,,,
Jamaica,JAM,"Literacy rate, adult total (% of people ages 15 and above)",SE.ADT.LITR.ZS,,,,,,,,,,,,,,,,,,,,,,,,,,,,,,,,,,,,,,,,79.9199981689453,,,,,,,,,,,,,,,,,,,,,,,,,,
Jordan,JOR,"Literacy rate, adult total (% of people ages 15 and above)",SE.ADT.LITR.ZS,,,,,,,,,,,,,,,,,,,,66.8000030517578,,,,,,,,,,,,,,,,,,,,,,,,89.8899993896484,,91.129997253418,,92.1999969482422,,,92.5500030517578,95.9000015258789,97.8899993896484,,,,,,95.4300003051758,,,,,94.8499984741211,94.4400024414062,
Japan,JPN,"Literacy rate, adult total (% of people ages 15 and above)",SE.ADT.LITR.ZS,,,,,,,,,,,,,,,,,,,,,,,,,,,,,,,,,,,,,,,,,,,,,,,,,,,,,,,,,,,,,,,,,,
Kazakhstan,KAZ,"Literacy rate, adult total (% of people ages 15 and above)",SE.ADT.LITR.ZS,,,,,,,,,,,,,,,,,,,,,,,,,,,,,,97.5299987792969,,,,,,,,,,99.5100021362305,,,,,,,,,,99.7300033569336,,,,,,,,,,,,,,,,
Kenya,KEN,"Literacy rate, adult total (% of people ages 15 and above)",SE.ADT.LITR.ZS,,,,,,,,,,,,,,,,,,,,,,,,,,,,,,,,,,,,,,,,,82.2300033569336,,,,,,,,,,,,,,,,,,,,,,,,,
Kyrgyz Republic,KGZ,"Literacy rate, adult total (% of people ages 15 and above)",SE.ADT.LITR.ZS,,,,,,,,,,,,,,,,,,,,,,,,,,,,,,,,,,,,,,,,98.6999969482422,,,,,,,,,,99.2399978637695,,,,,,,,,,,,,,,,
Cambodia,KHM,"Literacy rate, adult total (% of people ages 15 and above)",SE.ADT.LITR.ZS,,,,,,,,,,,,,,,,,,,,,,,,,,,,,,,,,,,,,,,67.3399963378906,,,,,,73.6100006103516,,,,76.870002746582,76.1399993896484,,,,79.6500015258789,78.0599975585938,80.5299987792969,,,,87.6600036621094,82.5510430822563,71.9300003051758,,,,
Kiribati,KIR,"Literacy rate, adult total (% of people ages 15 and above)",SE.ADT.LITR.ZS,,,,,,,,,,,,,,,,,,,,,,,,,,,,,,,,,,,,,,,,,,,,,,,,,,,,,,,,,,,97.9599990844727,,98.6079816424987,,,,,
St. Kitts and Nevis,KNA,"Literacy rate, adult total (% of people ages 15 and above)",SE.ADT.LITR.ZS,,,,,,,,,,,,,,,,,,,,,,,,,,,,,,,,,,,,,,,,,,,,,,,,,,,,,,,,,,,,,,,,,,
"Korea, Rep.",KOR,"Literacy rate, adult total (% of people ages 15 and above)",SE.ADT.LITR.ZS,,,,,,,,,,,,,,,,,,,,,,,,,,,,,,,,,,,,,,,,,,,,,,,,,97.9700012207031,,,,,,,,,,,,,,,,,
Kuwait,KWT,"Literacy rate, adult total (% of people ages 15 and above)",SE.ADT.LITR.ZS,,,,,,,,,,,,,,,,59.560001373291,,,,,67.5199966430664,,,,,74.4899978637695,,,,,,,,,,78.4000015258789,,,,,,,,,,93.2699966430664,93.2799987792969,93.6600036621094,93.9000015258789,,94.4700012207031,,95.5100021362305,95.5899963378906,,95.6900024414062,,96.0400009155273,96.0599975585938,,96.4599990844727,,,,,
Latin America & Caribbean (excluding high income),LAC,"Literacy rate, adult total (% of people ages 15 and above)",SE.ADT.LITR.ZS,,,,,,,,,,,,,,,77.2900009155273,77.3099975585938,77.7399978637695,78.1900024414062,78.6600036621094,79.0800018310547,79.4499969482422,79.870002746582,80.2600021362305,80.6500015258789,81.0199966430664,81.3899993896484,81.7399978637695,82.0500030517578,82.4700012207031,82.870002746582,83.1999969482422,83.9199981689453,84.629997253418,85.3300018310547,86.0199966430664,86.6999969482422,87.0999984741211,87.3899993896484,87.75,88.0899963378906,88.4100036621094,88.5999984741211,88.8899993896484,89.6600036621094,89.9499969482422,89.9100036621094,90.0599975585938,90.8899993896484,91.2099990844727,91.4100036621094,91.3600006103516,92.1900024414062,92.5199966430664,92.5100021362305,92.9800033569336,93.1100006103516,93.5599975585938,93.6100006103516,93.8099975585938,93.9899978637695,94.0500030517578,94.2399978637695,94.4300003051758,94.5800018310547,94.7099990844727,
Lao PDR,LAO,"Literacy rate, adult total (% of people ages 15 and above)",SE.ADT.LITR.ZS,,,,,,,,,,,,,,,,,,,,,,,,,,,,,,,,,,,,60.25,,,,,69.5800018310547,68.7300033569336,,,,72.6999969482422,,,,,,,,,,84.6600036621094,,73.7200012207031,,,,,,75.6399993896484,,
Lebanon,LBN,"Literacy rate, adult total (% of people ages 15 and above)",SE.ADT.LITR.ZS,,,,,,,,,,,,,,,,,,,,,,,,,,,,,,,,,,,,,,,,,,,,,,,,89.6100006103516,,91.1800003051758,,,,,,,,,92.6699981689453,92.0099744752418,,,,,,
Liberia,LBR,"Literacy rate, adult total (% of people ages 15 and above)",SE.ADT.LITR.ZS,,,,,,,,,,,,,,,,,,,,,,,,,32.1100006103516,,,,,,,,,,,,,,,,,,,,,,,,,,59.4030316392756,,,,,,,,,,,,,,,
Libya,LBY,"Literacy rate, adult total (% of people ages 15 and above)",SE.ADT.LITR.ZS,,,,,,,,,,,,,,,,,,,,,,,,,60.1599998474121,,,,,,,,,,,,,,,,,,,,,,,,,,,,,,,,,,,,,,,,,
St. Lucia,LCA,"Literacy rate, adult total (% of people ages 15 and above)",SE.ADT.LITR.ZS,,,,,,,,,,,,,,,,,,,,,,,,,,,,,,,,,,,,,,,,,,,,,,,,,,,,,,,,,,,,,,,,,,
Latin America & Caribbean,LCN,"Literacy rate, adult total (% of people ages 15 and above)",SE.ADT.LITR.ZS,,,,,,,,,,,,,,,78.129997253418,78.1500015258789,78.5500030517578,78.9899978637695,79.4499969482422,79.8600006103516,80.2300033569336,80.6399993896484,81.0299987792969,81.4100036621094,81.7799987792969,82.129997253418,82.4800033569336,82.7799987792969,83.2300033569336,83.6500015258789,83.9700012207031,84.6500015258789,85.3199996948242,85.9800033569336,86.620002746582,87.2600021362305,87.6500015258789,87.9300003051758,88.2900009155273,88.620002746582,88.9199981689453,89.1100006103516,89.4000015258789,90.0999984741211,90.379997253418,90.3600006103516,90.5699996948242,91.4100036621094,91.7099990844727,91.9000015258789,91.8199996948242,92.5199966430664,92.8300018310547,92.8099975585938,93.3099975585938,93.4499969482422,93.8899993896484,93.9199981689453,94.0999984741211,94.2699966430664,94.3300018310547,94.5,94.6800003051758,94.8300018310547,94.9499969482422,
Least developed countries: UN classification,LDC,"Literacy rate, adult total (% of people ages 15 and above)",SE.ADT.LITR.ZS,,,,,,,,,,,,,,,,,,,,,,40.4500007629395,40.7299995422363,41.0400009155273,41.4199981689453,41.8199996948242,42.1800003051758,42.6500015258789,43.6199989318848,44.1500015258789,44.7000007629395,45.1100006103516,45.4799995422363,45.9599990844727,46.7599983215332,47.7099990844727,48.25,48.9300003051758,50.5900001525879,51.4700012207031,52.0800018310547,52.810001373291,53.5499992370605,54.2099990844727,54.8400001525879,55.2400016784668,52.689998626709,53.6599998474121,53.9799995422363,54.6100006103516,57.0800018310547,58.7700004577637,58.1800003051758,60.2099990844727,60.7999992370605,62.7299995422363,64.5999984741211,65.4899978637695,65.9499969482422,66.2200012207031,66.4499969482422,67.0299987792969,67.5500030517578,67.9700012207031,68.3199996948242,
Low income,LIC,"Literacy rate, adult total (% of people ages 15 and above)",SE.ADT.LITR.ZS,,,,,,,,,,,,,,,,,,,,,,,,,,,,,46.4799995422363,46.9099998474121,47.4199981689453,47.7000007629395,47.8199996948242,48.0800018310547,48.3400001525879,48.8199996948242,49.1599998474121,49.7700004577637,50.439998626709,51.0099983215332,51.4300003051758,52.0699996948242,52.7200012207031,53.1399993896484,53.6100006103516,54.0200004577637,52.1699981689453,53.3899993896484,54.25,54.7700004577637,55.2700004577637,57.4900016784668,57.9799995422363,58.9000015258789,59.0299987792969,59.7000007629395,60.3600006103516,61.4199981689453,61.7200012207031,61.7400016784668,61.8800010681152,62.3300018310547,62.7700004577637,63.2099990844727,63.5699996948242,
Liechtenstein,LIE,"Literacy rate, adult total (% of people ages 15 and above)",SE.ADT.LITR.ZS,,,,,,,,,,,,,,,,,,,,,,,,,,,,,,,,,,,,,,,,,,,,,,,,,,,,,,,,,,,,,,,,,,
Sri Lanka,LKA,"Literacy rate, adult total (% of people ages 15 and above)",SE.ADT.LITR.ZS,,,,,,,,,,,,,,,,,,,,,,86.7799987792969,,,,,,,,,,,,,,,,,,,,90.6800003051758,,,,,90.8099975585938,,90.5599975585938,,91.1800003051758,,,,92.5346618196112,92.5537849020454,92.3899993896484,91.9000015258789,91.7099990844727,92.25,92.379997253418,92.4300003051758,92.4899978637695,92.6600036621094,92.7399978637695,
Lower middle income,LMC,"Literacy rate, adult total (% of people ages 15 and above)",SE.ADT.LITR.ZS,,,,,,,,,,,,,,,,43.7299995422363,43.8300018310547,44.3899993896484,44.9700012207031,45.5400009155273,46.0999984741211,46.6500015258789,47.2299995422363,47.7299995422363,48.3400001525879,48.9500007629395,49.4900016784668,50.3400001525879,51,51.7000007629395,52.4199981689453,53.1800003051758,54.0999984741211,55,55.8699989318848,56.689998626709,57.5200004577637,58.3499984741211,61.8499984741211,62.6399993896484,62.8699989318848,63.6100006103516,64.3499984741211,65.4000015258789,66.1100006103516,65.9000015258789,65.8600006103516,66.370002746582,67.0299987792969,67.7099990844727,69.5899963378906,70.2900009155273,70.7200012207031,71.5999984741211,72.2300033569336,73.3099975585938,74.0699996948242,74.6100006103516,75.4400024414062,75.4100036621094,76.0400009155273,76.6500015258789,77.2600021362305,77.7799987792969,78.2799987792969,
Low & middle income,LMY,"Literacy rate, adult total (% of people ages 15 and above)",SE.ADT.LITR.ZS,,,,,,,,,,,,,,,,57.8300018310547,58,58.3600006103516,59.1199989318848,59.9099998474121,60.6500015258789,61.3699989318848,62.0699996948242,62.75,63.560001373291,64.2699966430664,64.9300003051758,65.7399978637695,67.6900024414062,68.3099975585938,68.9899978637695,69.5699996948242,70.1999969482422,70.8099975585938,71.4000015258789,71.9899978637695,72.5500030517578,75.1100006103516,76.6900024414062,77.1699981689453,77.4700012207031,77.8499984741211,78.2900009155273,78.879997253418,79.3000030517578,79.3099975585938,79.25,79.9499969482422,80.379997253418,80.7799987792969,81.5299987792969,81.9400024414062,82.1900024414062,82.5699996948242,82.9499969482422,83.4400024414062,83.8300018310547,84.0599975585938,84.4300003051758,84.4700012207031,84.7200012207031,84.9300003051758,85.2200012207031,85.4499969482422,85.6699981689453,
Lesotho,LSO,"Literacy rate, adult total (% of people ages 15 and above)",SE.ADT.LITR.ZS,,,,,,,,,,,,,,,,,,,,,,,,,,,,,,,,,,,,,,,,,86.25,,,,,,66.0999984741211,,,,,,,,,,97.2699966430664,,86.2399978637695,92.3961659464955,,,,,90.4499969482422,
Late-demographic dividend,LTE,"Literacy rate, adult total (% of people ages 15 and above)",SE.ADT.LITR.ZS,,,,,,,,,,,,,,,,,69.5899963378906,69.7200012207031,70.6699981689453,71.7399978637695,72.6900024414062,73.5999984741211,74.4499969482422,75.2600021362305,76.120002746582,76.9400024414062,77.6900024414062,78.4400024414062,81.8199996948242,82.379997253418,82.8899993896484,83.4000015258789,83.879997253418,84.3399963378906,84.7799987792969,85.2300033569336,85.6500015258789,90.3000030517578,90.6500015258789,90.9300003051758,91.1999969482422,91.5100021362305,91.8099975585938,92.1999969482422,92.4700012207031,92.75,93.0400009155273,94.0400009155273,94.2600021362305,94.5299987792969,94.6600036621094,95.0500030517578,95.2399978637695,95.3199996948242,95.4100036621094,95.5699996948242,95.7900009155273,95.9499969482422,96.0999984741211,96.2300033569336,96.3600006103516,96.4800033569336,96.6100006103516,96.7300033569336,96.8499984741211,
Lithuania,LTU,"Literacy rate, adult total (% of people ages 15 and above)",SE.ADT.LITR.ZS,,,,,,,,,,,,,,,,,,,,,,,,,,,,,,98.4400024414062,,,,,,,,,,,,99.6500015258789,,,,,,,,,,99.8199996948242,,,,,,,,,,,,,,
Luxembourg,LUX,"Literacy rate, adult total (% of people ages 15 and above)",SE.ADT.LITR.ZS,,,,,,,,,,,,,,,,,,,,,,,,,,,,,,,,,,,,,,,,,,,,,,,,,,,,,,,,,,,,,,,,,,
Latvia,LVA,"Literacy rate, adult total (% of people ages 15 and above)",SE.ADT.LITR.ZS,,,,,,,,,,,,,,,,,,,,,,,,,,,,,,99.4499969482422,,,,,,,,,,,99.75,,,,,,,,,,,99.9000015258789,,,,,,,,,,,,,,
"Macao SAR, China",MAC,"Literacy rate, adult total (% of people ages 15 and above)",SE.ADT.LITR.ZS,,,,,,,,,,,,,,,,,,,,,,90.379997253418,,,,,,,,,,,,,,,,,,,,91.3000030517578,,,,,93.5,,,,,95.6399993896484,,,,,96.5400009155273,,,,,,,,,
St. Martin (French part),MAF,"Literacy rate, adult total (% of people ages 15 and above)",SE.ADT.LITR.ZS,,,,,,,,,,,,,,,,,,,,,,,,,,,,,,,,,,,,,,,,,,,,,,,,,,,,,,,,,,,,,,,,,,
Morocco,MAR,"Literacy rate, adult total (% of people ages 15 and above)",SE.ADT.LITR.ZS,,,,,,,,,,,,,,,,,,,,,,,30.2600002288818,,,,,,,,,,,,41.5900001525879,,,,,,,,,,52.310001373291,,,,55.1500015258789,56.0800018310547,,67.0800018310547,69.1600036621094,,64.2600021362305,,,,,,,,,,,
Monaco,MCO,"Literacy rate, adult total (% of people ages 15 and above)",SE.ADT.LITR.ZS,,,,,,,,,,,,,,,,,,,,,,,,,,,,,,,,,,,,,,,,,,,,,,,,,,,,,,,,,,,,,,,,,,
Moldova,MDA,"Literacy rate, adult total (% of people ages 15 and above)",SE.ADT.LITR.ZS,,,,,,,,,,,,,,,,,,,,,,,,,,,,,,96.379997253418,,,,,,,,,,,96.6500015258789,,,,,,,,,,,,,,99.3600006103516,,,,,,,,,,,
Madagascar,MDG,"Literacy rate, adult total (% of people ages 15 and above)",SE.ADT.LITR.ZS,,,,,,,,,,,,,,,,,,,,,,,,,,,,,,,,,,,,,,,,,70.6900024414062,,,,,,,,,,,,71.5699996948242,,,,,,76.6800003051758,,,74.6900024414062,,,,
Maldives,MDV,"Literacy rate, adult total (% of people ages 15 and above)",SE.ADT.LITR.ZS,,,,,,,,,,,,,,,,,,82.3000030517578,,,,,,,,92.2300033569336,,,,,96.0199966430664,,,,,96.3300018310547,,,,,96.3300018310547,,,,,,98.4000015258789,,,,,,,,98.6100006103516,,97.7300033569336,94.5100021362305,,98.2099990844727,,,,,,
"Middle East, North Africa, Afghanistan & Pakistan",MEA,"Literacy rate, adult total (% of people ages 15 and above)",SE.ADT.LITR.ZS,,,,,,,,,,,,,,38.5900001525879,38.8899993896484,39.2400016784668,39.5999984741211,40.1500015258789,40.7599983215332,41.3800010681152,42.0099983215332,42.6199989318848,43.4300003051758,44.0499992370605,44.8300018310547,45.5999984741211,46.3800010681152,47.1699981689453,48.060001373291,48.9500007629395,50.7099990844727,51.5099983215332,53.0699996948242,54.4300003051758,55.1199989318848,56.2200012207031,57.1300010681152,58.0299987792969,59,59.939998626709,60.8300018310547,61.8800010681152,62.8600006103516,65.129997253418,65.9700012207031,66.6900024414062,66.2699966430664,67.0500030517578,68.5899963378906,69.5699996948242,70.0400009155273,70.2099990844727,71.2600021362305,71.5500030517578,71.9300003051758,72.75,72.3499984741211,72.7200012207031,72.6600036621094,72.9000015258789,73.4499969482422,73.9199981689453,74.5199966430664,75.0699996948242,75.5899963378906,
Mexico,MEX,"Literacy rate, adult total (% of people ages 15 and above)",SE.ADT.LITR.ZS,,,,,,,,,,,,,,,,,,,,,82.9899978637695,,,,,,,,,,87.5599975585938,,,,,,,,,,90.5400009155273,,90.2699966430664,,90.9499969482422,91.629997253418,91.7300033569336,92.8000030517578,92.9300003051758,93.4400024414062,93.0699996948242,93.5199966430664,94.2300033569336,93.9599990844727,94.5599975585938,94.4700012207031,94.8600006103516,94.9700012207031,95.379997253418,95.3889403219417,95.25,95.6890981310362,95.120002746582,95.8346901734281,95.5500030517578,
Marshall Islands,MHL,"Literacy rate, adult total (% of people ages 15 and above)",SE.ADT.LITR.ZS,,,,,,,,,,,,,,,,,,,,,,,,,,,,,,,,,,,,,,,,,,,,,,,,,,,,98.2699966430664,,,,,,,,98.1800003051758,,95.7629302411191,,,,
Middle income,MIC,"Literacy rate, adult total (% of people ages 15 and above)",SE.ADT.LITR.ZS,,,,,,,,,,,,,,,,58.689998626709,58.8600006103516,59.2299995422363,60.0200004577637,60.8400001525879,61.6100006103516,62.3499984741211,63.0800018310547,63.7799987792969,64.620002746582,65.3499984741211,66.0400009155273,66.870002746582,68.9000015258789,69.5400009155273,70.2200012207031,70.8399963378906,71.5199966430664,72.1699981689453,72.8000030517578,73.4400024414062,74.0400009155273,76.7300033569336,78.3899993896484,78.8899993896484,79.2099990844727,79.5699996948242,80.0100021362305,80.6500015258789,81.0800018310547,81.0800018310547,81.1699981689453,81.870002746582,82.3000030517578,82.7200012207031,83.5100021362305,83.8199996948242,84.0800018310547,84.4499969482422,84.870002746582,85.3600006103516,85.7600021362305,85.9599990844727,86.370002746582,86.4599990844727,86.75,86.9899978637695,87.3000030517578,87.5500030517578,87.8000030517578,
North Macedonia,MKD,"Literacy rate, adult total (% of people ages 15 and above)",SE.ADT.LITR.ZS,,,,,,,,,,,,,,,,,,,,,,,,,,,,,,,,,,,94.0599975585938,,,,,,,,96.129997253418,,,,,,,,,,,,,,,,,,,,,,,
Mali,MLI,"Literacy rate, adult total (% of people ages 15 and above)",SE.ADT.LITR.ZS,,,,,,,,,,,,,,,,,9.43000030517578,,,,,,,,,,,,,,,,,,,,,,19.0400009155273,,,,,24,,,26.1800003051758,,,,31.1000003814697,30.6200008392334,,,,33.0699996948242,,,35.4700012207031,,,,,,35.6300010681152,
Malta,MLT,"Literacy rate, adult total (% of people ages 15 and above)",SE.ADT.LITR.ZS,,,,,,,,,,,,,,,,,,,,,,,,,,86.9300003051758,,,,,,,,,,87.870002746582,,,,,,,,,,92.3600006103516,,,,,,93.3099975585938,,,,,,,,,,,,,,
Myanmar,MMR,"Literacy rate, adult total (% of people ages 15 and above)",SE.ADT.LITR.ZS,,,,,,,,,,,,,,,,,,,,,,,,78.5699996948242,,,,,,,,,,,,,,,,,89.9400024414062,,,,,,,,,,,,,,90.3600006103516,,84.7799987792969,,95.8142859113662,89.0699996948242,93.527395549521,,,,,
"Middle East, North Africa, Afghanistan & Pakistan (excluding high income)",MNA,"Literacy rate, adult total (% of people ages 15 and above)",SE.ADT.LITR.ZS,,,,,,,,,,,,,,,,,,,,,,,,,,,,,,,,,,,,,,,,,,,,,,,,,,,,,,,,,,,,,,,,,,
Montenegro,MNE,"Literacy rate, adult total (% of people ages 15 and above)",SE.ADT.LITR.ZS,,,,,,,,,,,,,,,,,,,,,,89.6399993896484,,,,,,,,,,93.4599990844727,,,,,,,,,,,,97.7699966430664,,,,,,,,98.4400024414062,,,,,,,98.5299987792969,,,,,,,
Mongolia,MNG,"Literacy rate, adult total (% of people ages 15 and above)",SE.ADT.LITR.ZS,,,,,,,,,,,,,,,,,,,,,,,,,,,,,,,,,,,,,,,,,97.7699966430664,,,,,,,,,,98.2600021362305,,,,,,,,96.9000015258789,98.4599990844727,99.1800003051758,99.2143568969301,98.7300033569336,98.6399993896484,98.6399993896484,
Northern Mariana Islands,MNP,"Literacy rate, adult total (% of people ages 15 and above)",SE.ADT.LITR.ZS,,,,,,,,,,,,,,,,,,,,,,,,,,,,,,,,,,,,,,,,,,,,,,,,,,,,,,,,,,,,,,,,,,
Mozambique,MOZ,"Literacy rate, adult total (% of people ages 15 and above)",SE.ADT.LITR.ZS,,,,,,,,,,,,,,,,,,,,,27,,,,,,,,,,,,,,,,,38.7099990844727,,,,,,48.1599998474121,,,,,,50.5800018310547,,,,,,56.0400009155273,,60.6599998474121,,,59.7799987792969,,61.6653441678133,,,
Mauritania,MRT,"Literacy rate, adult total (% of people ages 15 and above)",SE.ADT.LITR.ZS,,,,,,,,,,,,,,,,,,,,,,,,,,,,,,,,,,,,,,,,,51.2099990844727,,,,,,,,,,,,,62.0699996948242,,65.1100006103516,,,,,59.5299987792969,,,,,
Mauritius,MUS,"Literacy rate, adult total (% of people ages 15 and above)",SE.ADT.LITR.ZS,,,,,,,,,,,,,,,,,,,,,,,,,,,,,,,79.870002746582,,,,,,,,,,84.3000030517578,,,,,,,,,,,89.25,91.7699966430664,91.4899978637695,92.4700012207031,92.7099990844727,93.1600036621094,,,,,92.9800213334339,,94.2877776512134,,
Malawi,MWI,"Literacy rate, adult total (% of people ages 15 and above)",SE.ADT.LITR.ZS,,,,,,,,,,,,,,,,,,,,,,,,,,,,48.5400009155273,,,,,,,,,,,64.129997253418,,,,,,,,,,,,,,,,,,,72.8266778164735,76.7200012207031,,70.1500015258789,,,,,
Malaysia,MYS,"Literacy rate, adult total (% of people ages 15 and above)",SE.ADT.LITR.ZS,,,,,,,,,,,,,,,,,,,,,69.5199966430664,,,,,,,,,,,82.9199981689453,,,,,,,,,88.6900024414062,,,,,,,,,,93.120002746582,,,,,,94.879997253418,95.0800018310547,94.8499984741211,94.9700012207031,,,95.7699966430664,,,
North America,NAC,"Literacy rate, adult total (% of people ages 15 and above)",SE.ADT.LITR.ZS,,,,,,,,,,,,,,,,,,,,,,,,,,,,,,,,,,,,,,,,,,,,98.620002746582,98.629997253418,98.6399993896484,98.6600036621094,98.6699981689453,98.6900024414062,,,,,,,,,98.75,98.7600021362305,98.7600021362305,98.7699966430664,98.7900009155273,98.7900009155273,,,
Namibia,NAM,"Literacy rate, adult total (% of people ages 15 and above)",SE.ADT.LITR.ZS,,,,,,,,,,,,,,,,,,,,,,,,,,,,,,,,75.8199996948242,,,,,,,,,,84.9400024414062,,,,,,,,,,88.2699966430664,,,,,88.1304979203867,,88.2832376600657,,,,,87.6399993896484,,
New Caledonia,NCL,"Literacy rate, adult total (% of people ages 15 and above)",SE.ADT.LITR.ZS,,,,,,,,,,,,,,,,,91.3000030517578,,,,,,,,,,,,,93.0800018310547,,,,,,,96.1399993896484,,,,,,,,,,,,,,,,,,,,,,,,,,,,,
Niger,NER,"Literacy rate, adult total (% of people ages 15 and above)",SE.ADT.LITR.ZS,,,,,,,,,,,,,,,,,,,,,,,,,,,,,,,,,,,,,,,,,,14.3800001144409,,,,28.6700000762939,,,,,,,30.5599994659424,,29.0437067944143,,,,33.0499992370605,,,,35.6100006103516,,,
Nigeria,NGA,"Literacy rate, adult total (% of people ages 15 and above)",SE.ADT.LITR.ZS,,,,,,,,,,,,,,,,,,,,,,,,,,,,,,,,55.4500007629395,,,,,,,,,,,,54.7700004577637,,,70.1999969482422,,,,,,,,,,58.2200012207031,,,,,63.1599998474121,,,70.4100036621094,
Nicaragua,NIC,"Literacy rate, adult total (% of people ages 15 and above)",SE.ADT.LITR.ZS,,,,,,,,,,,,,,,,,,,,,,,,,,,,,,,,,,,,,,,,,,76.6800003051758,,,,78,,,,,,,85.6105708963441,,87.327180649097,,,,,,,,,,,
Netherlands,NLD,"Literacy rate, adult total (% of people ages 15 and above)",SE.ADT.LITR.ZS,,,,,,,,,,,,,,,,,,,,,,,,,,,,,,,,,,,,,,,,,,,,,,,,,,,,,,,,,,,,,,,,,,
Norway,NOR,"Literacy rate, adult total (% of people ages 15 and above)",SE.ADT.LITR.ZS,,,,,,,,,,,,,,,,,,,,,,,,,,,,,,,,,,,,,,,,,,,,,,,,,,,,,,,,,,,,,,,,,,
Nepal,NPL,"Literacy rate, adult total (% of people ages 15 and above)",SE.ADT.LITR.ZS,,,,,,,,,,,,,,,,,,,,,,20.5699996948242,,,,,,,,,,32.9799995422363,,,,,,,,,,48.6100006103516,,,,,,,55.5600725155626,,,59.6300010681152,,,,,65.5,66.8653947551556,,68.7099990844727,,,,,,
Nauru,NRU,"Literacy rate, adult total (% of people ages 15 and above)",SE.ADT.LITR.ZS,,,,,,,,,,,,,,,,,,,,,,,,,,,,,,,,,,,,,,,,,,,,,,,,,,,,,,,,,,,,,,94.6337926033357,,96.5899963378906,,
New Zealand,NZL,"Literacy rate, adult total (% of people ages 15 and above)",SE.ADT.LITR.ZS,,,,,,,,,,,,,,,,,,,,,,,,,,,,,,,,,,,,,,,,,,,,,,,,,,,,,,,,,,,,,,,,,,
OECD members,OED,"Literacy rate, adult total (% of people ages 15 and above)",SE.ADT.LITR.ZS,,,,,,,,,,,,,,,,,,,,,,,,,,,,,,,,,,,,,,,,,,,,,,,,,,,,,,,,,,,,,97.2099990844727,,,,,
Oman,OMN,"Literacy rate, adult total (% of people ages 15 and above)",SE.ADT.LITR.ZS,,,,,,,,,,,,,,,,,,,,,,,,,,,,,,,,,,,,,,,,,,,,66.0999984741211,,,,,86.620002746582,,86.9400024414062,,,,,93.0400009155273,,95.5800018310547,95.6500015258789,,96.9000015258789,,97.3399963378906,,,
Other small states,OSS,"Literacy rate, adult total (% of people ages 15 and above)",SE.ADT.LITR.ZS,,,,,,,,,,,,,,,,,,,,,,,,70.9800033569336,71.3000030517578,71.620002746582,72,72.5400009155273,73.2099990844727,73.879997253418,74.4499969482422,74.7900009155273,75.0400009155273,75.4499969482422,75.7399978637695,76.0899963378906,76.6600036621094,77.0999984741211,77.8000030517578,78.2200012207031,78.9599990844727,79.3600006103516,79.9899978637695,80.5500030517578,81.120002746582,79.8499984741211,79.4199981689453,80,80.7900009155273,80.9100036621094,81.7300033569336,82.2099990844727,82.5599975585938,83,83.4199981689453,84.2200012207031,85.870002746582,86.2300033569336,86.5,86.7099990844727,86.5500030517578,86.7300033569336,86.8600006103516,87.0100021362305,87.120002746582,
Pakistan,PAK,"Literacy rate, adult total (% of people ages 15 and above)",SE.ADT.LITR.ZS,,,,,,,,,,,,,,,,,,,,,,25.7299995422363,,,,,,,,,,,,,,,,,42.7000007629395,,,,,,,49.8699989318848,54.1500015258789,52.1399993896484,55.5299987792969,54.8899993896484,55.3800010681152,54.7400016784668,56.7599983215332,55.5900001525879,56.9799995422363,,,59.1300010681152,57.0099983215332,58,,58.8600006103516,,,,
Panama,PAN,"Literacy rate, adult total (% of people ages 15 and above)",SE.ADT.LITR.ZS,,,,,,,,,,,,,,,,,,,,,88.0699996948242,,,,,,,,,,88.7799987792969,,,,,,,,,,91.9000015258789,,,,,,,,,,94.0899963378906,,,,,,,,95.4100036621094,95.7399978637695,,96.2119100135584,,96.0893871402691,96.2276533152296,
Peru,PER,"Literacy rate, adult total (% of people ages 15 and above)",SE.ADT.LITR.ZS,,,,,,,,,,,,,,,,,,,,,,81.9199981689453,,,,,,,,,,,,87.1500015258789,,,,,,,,,,,87.6699981689453,87.9100036621094,88.6999969482422,89.5899963378906,,,,,93.8399963378906,,93.7099990844727,94.1600036621094,94.1699981689453,94.1500015258789,94.4100036621094,,94.5,,,,93.6600036621094,
Philippines,PHL,"Literacy rate, adult total (% of people ages 15 and above)",SE.ADT.LITR.ZS,,,,,,,,,,,,,,,,,,,,,83.3199996948242,,,,,,,,,,93.5699996948242,,,,93.9199981689453,,,,,,92.5999984741211,,,92.5899963378906,,,,,95.4199981689453,,97.0899963378906,,,96.4000015258789,,98.1800003051758,,,,96.2799987792969,98.4700012207031,,,,,
Palau,PLW,"Literacy rate, adult total (% of people ages 15 and above)",SE.ADT.LITR.ZS,,,,,,,,,,,,,,,,,,,,,91.9199981689453,,,,,,,,,,,,,,,,,,,,,,,,,,,,,,,,,99.5,,96.5899963378906,,,,,99.8448081264108,,,,,
Papua New Guinea,PNG,"Literacy rate, adult total (% of people ages 15 and above)",SE.ADT.LITR.ZS,,,,,,,,,,,,,,,,,,,,,,,,,,,,,,,,,,,,,,,,,57.3400001525879,,,,,,,,,,68.9689096424639,,,,,,,70.0599975585938,,,,,87.0046890533686,,,
Poland,POL,"Literacy rate, adult total (% of people ages 15 and above)",SE.ADT.LITR.ZS,,,,,,,,,,,,,,,,,,,98.7399978637695,,,,,,,,,,,,,,,,,,,,,,,,,,,,,,,,,,,,,,,,,,,,,,,
Pre-demographic dividend,PRE,"Literacy rate, adult total (% of people ages 15 and above)",SE.ADT.LITR.ZS,,,,,,,,,,,,,,,,,,,,,,,,,,,48.4599990844727,49.1800003051758,49.7599983215332,50.4000015258789,50.9900016784668,51.4799995422363,51.9799995422363,52.5499992370605,53.1699981689453,53.5900001525879,54.2599983215332,55.1199989318848,55.7900009155273,56.7299995422363,55.25,56.1599998474121,57.0200004577637,57.5200004577637,58.0900001525879,57.6800003051758,56.5,55.3600006103516,55.6399993896484,55.8899993896484,56.5999984741211,58.5,59.7900009155273,60.8300018310547,61.4599990844727,62.0800018310547,62.6800003051758,63.8400001525879,65.7900009155273,65.9300003051758,66.1600036621094,66.5500030517578,66.9899978637695,67.3899993896484,67.7200012207031,
Puerto Rico (US),PRI,"Literacy rate, adult total (% of people ages 15 and above)",SE.ADT.LITR.ZS,,,,,,,,,,,,,,,,,,,,,86.75,,,,,,,,,,89.620002746582,,,,,,,,,,,,,,,,,,,,91.9700012207031,,,,,,,92.3899993896484,,,,,,,,
"Korea, Dem. People's Rep.",PRK,"Literacy rate, adult total (% of people ages 15 and above)",SE.ADT.LITR.ZS,,,,,,,,,,,,,,,,,,,,,,,,,,,,,,,,,,,,,,,,,,,,,,,,,100,,,,,,,,,,,,,,,,,
Portugal,PRT,"Literacy rate, adult total (% of people ages 15 and above)",SE.ADT.LITR.ZS,,,,,,,,,,,,,,,,,,,,,,79.4400024414062,,,,,,,,,,87.9499969482422,,,,,,,,,,,,,,,,,,,,94.4800033569336,,,,,,,,,,,,,,
Paraguay,PRY,"Literacy rate, adult total (% of people ages 15 and above)",SE.ADT.LITR.ZS,,,,,,,,,,,,,,,,,,,,,,,78.4599990844727,,,,,,,,,,90.2699966430664,,,,,,,,,,,,,,,94.5599975585938,93.2900009155273,93.75,93.870002746582,,94.1999969482422,95.0599975585938,95.0299987792969,95.5500030517578,94.6500015258789,,94.0199966430664,93.2099990844727,94.5400009155273,,,,94.8600006103516,
West Bank and Gaza,PSE,"Literacy rate, adult total (% of people ages 15 and above)",SE.ADT.LITR.ZS,,,,,,,,,,,,,,,,,,,,,,,,,,,,,,,,,,,,,,86.0800018310547,,,,,,,92.4800033569336,,93.4499969482422,93.7600021362305,94.0100021362305,94.4300003051758,94.7200012207031,95.0299987792969,95.6699981689453,96.0500030517578,96.2099990844727,96.4800033569336,96.7200012207031,96.9199981689453,97.2200012207031,97.379997253418,97.5100021362305,97.6840000894857,97.8399963378906,,97.9389541214558,
Pacific island small states,PSS,"Literacy rate, adult total (% of people ages 15 and above)",SE.ADT.LITR.ZS,,,,,,,,,,,,,,,,,,,,,,,,,,,,,,,,,,,,,,,,,,,,,,,,,,,,,,,,,,,,,,,,,,
Post-demographic dividend,PST,"Literacy rate, adult total (% of people ages 15 and above)",SE.ADT.LITR.ZS,,,,,,,,,,,,,,,,,,,,,,,,,,,,,,,,,,,,,,,,,,,,,,,,,,,,,,,,,,,,,,,,,,
French Polynesia,PYF,"Literacy rate, adult total (% of people ages 15 and above)",SE.ADT.LITR.ZS,,,,,,,,,,,,,,,,,,,,,,,,,,,,,,,,,,,,,,,,,,,,,,,,,,,,,,,,,,,,,,,,,,
Qatar,QAT,"Literacy rate, adult total (% of people ages 15 and above)",SE.ADT.LITR.ZS,,,,,,,,,,,,,,,,,,,,,,,,,,,75.6399993896484,,,,,,,,,,,83.2600021362305,,,,,,,88.9599990844727,,,93.0800018310547,93.9899978637695,94.7200012207031,96.2799987792969,96.4100036621094,96.6800003051758,97.4800033569336,97.75,,,,,,,,,,,
Romania,ROU,"Literacy rate, adult total (% of people ages 15 and above)",SE.ADT.LITR.ZS,,,,,,,,,,,,,,,,,,,,,,,,,,,,,,,,,96.7099990844727,,,,,,,,,,97.3000030517578,,,,,,,,,98.5999984741211,,,,,,,,,,99.1600036621094,,,,
Russian Federation,RUS,"Literacy rate, adult total (% of people ages 15 and above)",SE.ADT.LITR.ZS,,,,,,,,,,,,,,,,,,,,,,,,,,,,,,97.9899978637695,,,,,,,,,,,,,99.4400024414062,,,,,,,,99.6800003051758,,,,,,,,,,,99.9300003051758,,,,
Rwanda,RWA,"Literacy rate, adult total (% of people ages 15 and above)",SE.ADT.LITR.ZS,,,,,,,,,,,,,,,,,,,38.2400016784668,,,,,,,,,,,,,57.8499984741211,,,,,,,,,64.8899993896484,,,,,,,,,,,,68.3300018310547,,70.8000030517578,,,,73.2200012207031,,80.0500030517578,,78.7600021362305,,,
South Asia,SAS,"Literacy rate, adult total (% of people ages 15 and above)",SE.ADT.LITR.ZS,,,,,,,,,,,,,,,,37.439998626709,37.439998626709,38.1300010681152,38.810001373291,39.4700012207031,40.1199989318848,40.7400016784668,41.4099998474121,42.0800018310547,42.75,43.4199981689453,44.0900001525879,44.7700004577637,45.4799995422363,46.2700004577637,47.0499992370605,47.7799987792969,48.560001373291,49.3499984741211,50.1500015258789,50.9500007629395,51.7799987792969,52.5999984741211,57.9199981689453,58.7299995422363,59.5200004577637,60.310001373291,61.1300010681152,61.939998626709,62.7400016784668,62.439998626709,62.5299987792969,63.3800010681152,64.2099990844727,65.0400009155273,67.9400024414062,68.6999969482422,68.5299987792969,69.8399963378906,70.5599975585938,71.9599990844727,73.3499984741211,74.0199966430664,74.7399978637695,74.5100021362305,75.2399978637695,76.0599975585938,76.9000015258789,77.5699996948242,78.2300033569336,
Saudi Arabia,SAU,"Literacy rate, adult total (% of people ages 15 and above)",SE.ADT.LITR.ZS,,,,,,,,,,,,,,,,,,,,,,,,,,,,,,,,,70.8199996948242,,,,,,,,79.3499984741211,,,,82.8600006103516,,,,,,,,,94.4300003051758,,,,95.3300018310547,,,97.5899963378906,,,,97.9300003051758,
Sudan,SDN,"Literacy rate, adult total (% of people ages 15 and above)",SE.ADT.LITR.ZS,,,,,,,,,,,,,,,,,,,,,,,,,,,,,,,,,,,,,,,,,61.3499984741211,,,,,,,,53.5200004577637,,,,,,,,,,,,,,,,,
Senegal,SEN,"Literacy rate, adult total (% of people ages 15 and above)",SE.ADT.LITR.ZS,,,,,,,,,,,,,,,,,,,,,,,,,,,,,26.8700008392334,,,,,,,,,,,,,,39.2799987792969,,,,41.8899993896484,,,48.0400009155273,,51.810001373291,,43.5299987792969,,43.5900001525879,46.0999984741211,51.9000015258789,46.6100006103516,46.8300018310547,,,,50.3600006103516,,
Singapore,SGP,"Literacy rate, adult total (% of people ages 15 and above)",SE.ADT.LITR.ZS,,,,,,,,,,,,,,,,,,,,,82.9100036621094,,,,,,,,,,89.0999984741211,,,,,,,,,,92.5500030517578,,,,,,,,,,95.8600006103516,96.1900024414062,96.370002746582,96.5500030517578,96.7200012207031,96.8300018310547,97.0500030517578,97.1999969482422,97.3399963378906,97.4800033569336,97.129997253418,97.6500015258789,,,,
Solomon Islands,SLB,"Literacy rate, adult total (% of people ages 15 and above)",SE.ADT.LITR.ZS,,,,,,,,,,,,,,,,,,,,,,,,,,,,,,,,,,,,,,,,76.5999984741211,,,,,,,,,,,,,,,,,,,,,,,,,,
Sierra Leone,SLE,"Literacy rate, adult total (% of people ages 15 and above)",SE.ADT.LITR.ZS,,,,,,,,,,,,,,,,,,,,,,,,,,,,,,,,,,,,,,,,,,,,,34.8300018310547,,,,,,,,,,44.3698913332904,49.4000015258789,,44.8300018310547,48.8143667728528,43.5800018310547,,,,,,
El Salvador,SLV,"Literacy rate, adult total (% of people ages 15 and above)",SE.ADT.LITR.ZS,,,,,,,,,,,,,,,,,,,,,,,,,,,,,,,,,74.1399993896484,,,,,,,,,,,,,,83.5599975585938,82.0299987792969,83.9499969482422,84.0999984741211,84.4899978637695,85.4899978637695,85.4624559924635,86.7699966430664,87.4125334516516,87.9700012207031,88.1399993896484,88.4800033569336,89.0100021362305,89.1399993896484,89.9800033569336,89.0586486323527,89.3537151570456,89.8499984741211,89.7699966430664,
San Marino,SMR,"Literacy rate, adult total (% of people ages 15 and above)",SE.ADT.LITR.ZS,,,,,,,,,,,,,,,,,,,,,,,,,,,,,,,,,,,,,,,,,,,,,,,,,,,,,,,,,,,,,,,99.9100036621094,,,
"Somalia, Fed. Rep.",SOM,"Literacy rate, adult total (% of people ages 15 and above)",SE.ADT.LITR.ZS,,,,,,,,,,,,,,,,,,,,,,,,,,,,,,,,,,,,,,,,,,,,,,,,,,,,,,,,,,,,63.6579378279423,,,54.1199989318848,,,
Serbia,SRB,"Literacy rate, adult total (% of people ages 15 and above)",SE.ADT.LITR.ZS,,,,,,,,,,,,,,,,,,,,,,,,,,,,,,,,,,,,,,,,,,,,96.4000015258789,,,,,,,,97.9599990844727,,,,,98.8399963378906,,,99.4800033569336,,,99.3399963378906,,,
Sub-Saharan Africa (excluding high income),SSA,"Literacy rate, adult total (% of people ages 15 and above)",SE.ADT.LITR.ZS,,,,,,,,,,,,,,,,,,,,,,,,,,49.6599998474121,49.9799995422363,50.6199989318848,51.1399993896484,51.6699981689453,52.310001373291,52.6599998474121,53.1300010681152,53.7099990844727,54.3400001525879,54.7400016784668,55.3699989318848,56.1500015258789,56.8300018310547,57.689998626709,56.5699996948242,57.3400001525879,58.0400009155273,58.5699996948242,59.2599983215332,58.9300003051758,58.0299987792969,57.8300018310547,58.1599998474121,58.6399993896484,59.310001373291,61,62.2299995422363,63.1199989318848,63.6599998474121,64.2600021362305,64.8899993896484,65.2399978637695,67.120002746582,67.7200012207031,67.879997253418,67.8300018310547,68.1500015258789,68.4400024414062,68.6800003051758,
South Sudan,SSD,"Literacy rate, adult total (% of people ages 15 and above)",SE.ADT.LITR.ZS,,,,,,,,,,,,,,,,,,,,,,,,,,,,,,,,,,,,,,,,,,,,,,,,,26.8299999237061,,,,,,,,,,,,,,,,,
Sub-Saharan Africa,SSF,"Literacy rate, adult total (% of people ages 15 and above)",SE.ADT.LITR.ZS,,,,,,,,,,,,,,,,,,,,,,,,,,49.6599998474121,49.9900016784668,50.6300010681152,51.1399993896484,51.6800003051758,52.3199996948242,52.6699981689453,53.1399993896484,53.7200012207031,54.3400001525879,54.7400016784668,55.3699989318848,56.1599998474121,56.8300018310547,57.7000007629395,56.5699996948242,57.3400001525879,58.0499992370605,58.5800018310547,59.2599983215332,58.939998626709,58.0299987792969,57.8300018310547,58.1699981689453,58.6500015258789,59.3199996948242,61.0099983215332,62.2400016784668,63.1199989318848,63.6699981689453,64.2600021362305,64.8899993896484,65.25,67.129997253418,67.7300033569336,67.8899993896484,67.8399963378906,68.1500015258789,68.4400024414062,68.6900024414062,
Small states,SST,"Literacy rate, adult total (% of people ages 15 and above)",SE.ADT.LITR.ZS,,,,,,,,,,,,,,,,,,,,,,,,,,,76.2900009155273,76.6900024414062,77.1699981689453,77.6600036621094,78.0699996948242,78.3099975585938,78.4800033569336,78.7799987792969,78.9899978637695,79.3199996948242,79.8000030517578,80.1699981689453,80.7399978637695,81.1100006103516,81.7200012207031,82.0500030517578,82.5500030517578,82.9800033569336,83.4400024414062,82.5999984741211,82.3199996948242,82.8399963378906,83.4300003051758,83.5400009155273,84.1100006103516,84.4599990844727,84.6999969482422,84.9899978637695,85.3000030517578,85.8600006103516,87.0699996948242,87.3300018310547,87.5299987792969,87.7099990844727,87.5800018310547,87.7099990844727,87.8300018310547,87.9300003051758,88.0199966430664,
Sao Tome and Principe,STP,"Literacy rate, adult total (% of people ages 15 and above)",SE.ADT.LITR.ZS,,,,,,,,,,,,,,,,,,,,,,57.3199996948242,,,,,,,,,,73.2399978637695,,,,,,,,,,84.9100036621094,,,,,,,,,,,90.1399993896484,,,,,,,87.4400024414062,,,,,,
Suriname,SUR,"Literacy rate, adult total (% of people ages 15 and above)",SE.ADT.LITR.ZS,,,,,,,,,,,,,,,,,,,,,,,,,,,,,,,,,,,,,,,,,,,,,89.5999984741211,,,,94.620002746582,,94.6800003051758,,92.870002746582,,,,,,,,,,,,,
Slovak Republic,SVK,"Literacy rate, adult total (% of people ages 15 and above)",SE.ADT.LITR.ZS,,,,,,,,,,,,,,,,,,,,,,,,,,,,,,,,,,,,,,,,,,,,,,,,,,,,,,,,,,,,,,,,,,
Slovenia,SVN,"Literacy rate, adult total (% of people ages 15 and above)",SE.ADT.LITR.ZS,,,,,,,,,,,,,,,,,,,,,,,,,,,,,,,,99.5199966430664,,,,,,,,,,,,,,,,,,,,,,,,,,,,,,,,,,
Sweden,SWE,"Literacy rate, adult total (% of people ages 15 and above)",SE.ADT.LITR.ZS,,,,,,,,,,,,,,,,,,,,,,,,,,,,,,,,,,,,,,,,,,,,,,,,,,,,,,,,,,,,,,,,,,
Eswatini,SWZ,"Literacy rate, adult total (% of people ages 15 and above)",SE.ADT.LITR.ZS,,,,,,,,,,,,,,,,,55.3300018310547,,,,,,,,,,67.2399978637695,,,,,,,,,,,,,,81.6600036621094,,,,,,,,,,,,,,,,,,,,,,90.75,,,
Sint Maarten (Dutch part),SXM,"Literacy rate, adult total (% of people ages 15 and above)",SE.ADT.LITR.ZS,,,,,,,,,,,,,,,,,,,,,,,,,,,,,,,,,,,,,,,,,,,,,,,,,,,,,,,,,,,,,,,,,,
Seychelles,SYC,"Literacy rate, adult total (% of people ages 15 and above)",SE.ADT.LITR.ZS,,,,,,,,,,,,,,,,,,,,,,,,,,,,84.2300033569336,,,,,,,87.8099975585938,,,,,,,,91.8399963378906,,,,,,,,93.9499969482422,,,,,,,,,,,,,,,
Syrian Arab Republic,SYR,"Literacy rate, adult total (% of people ages 15 and above)",SE.ADT.LITR.ZS,,,,,,,,,,,,,,,,,,,,,,55.6500015258789,,,,,,,,,,,,,,,,,,,,,82.8899993896484,,80.8399963378906,,,,,,,,,,,,,,,,,94.4199981689453,,,,
Turks and Caicos Islands,TCA,"Literacy rate, adult total (% of people ages 15 and above)",SE.ADT.LITR.ZS,,,,,,,,,,,,,,,,,,,,,,,,,,,,,,,,,,,,,,,,,,,,,,,,,,,,,,,,,,,,,,,,,,
Chad,TCD,"Literacy rate, adult total (% of people ages 15 and above)",SE.ADT.LITR.ZS,,,,,,,,,,,,,,,,,,,,,,,,,,,,,,,,,,10.8900003433228,,,,,,,25.6499996185303,,,,28.3799991607666,,,,,,,,,,,,22.3099994659424,,,30.6299991607666,,,,,,
East Asia & Pacific (IDA & IBRD countries),TEA,"Literacy rate, adult total (% of people ages 15 and above)",SE.ADT.LITR.ZS,,,,,,,,,,,,,,,,,63.3499984741211,63.5299987792969,64.7300033569336,66.1100006103516,67.3300018310547,68.4800033569336,69.5500030517578,70.5800018310547,71.6699981689453,72.7099990844727,73.6399993896484,74.879997253418,79.129997253418,79.8199996948242,80.4599990844727,81.0299987792969,81.5699996948242,82.0599975585938,82.629997253418,83.1999969482422,83.7099990844727,89.370002746582,89.7399978637695,90.0500030517578,90.4300003051758,90.7699966430664,91.120002746582,91.4700012207031,91.7900009155273,92.120002746582,92.4800033569336,93.6999969482422,94.0100021362305,94.2900009155273,94.3399963378906,94.5699996948242,94.7900009155273,94.870002746582,95.2799987792969,95.4899978637695,95.6900024414062,95.879997253418,95.9000015258789,96.0500030517578,96.2699966430664,96.4100036621094,96.5500030517578,96.6800003051758,96.8099975585938,
Europe & Central Asia (IDA & IBRD countries),TEC,"Literacy rate, adult total (% of people ages 15 and above)",SE.ADT.LITR.ZS,,,,,,,,,,,,,,,,,,,,,,,,93.6100006103516,94.4800033569336,94.6600036621094,94.8499984741211,95.0299987792969,95.2300033569336,95.3300018310547,95.5100021362305,95.6699981689453,95.8399963378906,95.9899978637695,96.1399993896484,96.3000030517578,96.4899978637695,96.629997253418,96.9400024414062,97.0199966430664,97.2099990844727,97.2799987792969,97.3600006103516,97.4300003051758,97.4800033569336,97.620002746582,97.5699996948242,97.6500015258789,97.75,98.1999969482422,98.4800033569336,98.6999969482422,98.8399963378906,98.879997253418,98.9199981689453,98.9700012207031,99.0299987792969,99.0899963378906,99.1999969482422,99.2699966430664,99.2900009155273,99.3099975585938,99.3300018310547,99.3600006103516,99.3899993896484,
Togo,TGO,"Literacy rate, adult total (% of people ages 15 and above)",SE.ADT.LITR.ZS,,,,,,,,,,,,,,,,,,,,,,,,,,,,,,,,,,,,,,,,,53.1800003051758,,,,,,56.8899993896484,,,57.0900001525879,57.2000007629395,60.4099998474121,,,,63.75,,60.9537021917226,,66.5400009155273,,,72.5999984741211,,,
Thailand,THA,"Literacy rate, adult total (% of people ages 15 and above)",SE.ADT.LITR.ZS,,,,,,,,,,,,,,,,,,,,,87.9800033569336,,,,,,,,,,,,,,,,,,,,92.6500015258789,,,,,93.5100021362305,,,,,96.4300003051758,,,93.6999969482422,,92.870002746582,91.9800033569336,,93.7699966430664,91.2699966430664,,,91.0999984741211,,,
Tajikistan,TJK,"Literacy rate, adult total (% of people ages 15 and above)",SE.ADT.LITR.ZS,,,,,,,,,,,,,,,,,,,,,,,,,,,,,,97.6900024414062,,,,,,,,,,,99.4499969482422,,,97.3502368564513,,,,98.0293057466938,,99.7298704511844,,,,,,,,,,,,,,,,
Turkmenistan,TKM,"Literacy rate, adult total (% of people ages 15 and above)",SE.ADT.LITR.ZS,,,,,,,,,,,,,,,,,,,,,,,,,,,,,,,,,,,,98.7799987792969,,,,,,,,,,,,,,,,,,,,,,,,,,,99.9000015258789,,,
Latin America & the Caribbean (IDA & IBRD countries),TLA,"Literacy rate, adult total (% of people ages 15 and above)",SE.ADT.LITR.ZS,,,,,,,,,,,,,,,77.5999984741211,77.620002746582,78.0299987792969,78.4800033569336,78.9499969482422,79.379997253418,79.75,80.1800003051758,80.5699996948242,80.9599990844727,81.3300018310547,81.6999969482422,82.0500030517578,82.3499984741211,82.8099975585938,83.25,83.5699996948242,84.2600021362305,84.9499969482422,85.620002746582,86.2900009155273,86.9400024414062,87.3399963378906,87.629997253418,88,88.3399963378906,88.6500015258789,88.8399963378906,89.1399993896484,89.8600006103516,90.1500015258789,90.129997253418,90.3499984741211,91.2099990844727,91.5299987792969,91.7200012207031,91.6399993896484,92.370002746582,92.6900024414062,92.6699981689453,93.1800003051758,93.3300018310547,93.7799987792969,93.8099975585938,94,94.1699981689453,94.2300033569336,94.4100036621094,94.5999984741211,94.75,94.879997253418,
Timor-Leste,TLS,"Literacy rate, adult total (% of people ages 15 and above)",SE.ADT.LITR.ZS,,,,,,,,,,,,,,,,,,,,,,,,,,,,,,,,,,,,,,,,,,37.5999984741211,,,,,,50.5999984741211,,,58.310001373291,,,,,64.4499969482422,65.7799987792969,,,,,,69.4000015258789,,,
"Middle East, North Africa, Afghanistan & Pakistan (IDA & IBRD)",TMN,"Literacy rate, adult total (% of people ages 15 and above)",SE.ADT.LITR.ZS,,,,,,,,,,,,,,,,,,,,,,,,,,,,,,,,,,,,,,,,,,,,,,,,,,,,,,,,,,,,,,,,,,
Tonga,TON,"Literacy rate, adult total (% of people ages 15 and above)",SE.ADT.LITR.ZS,,,,,,,,,,,,,,,,,99.5899963378906,,,,,,,,,,,,,,,,,,,,98.9100036621094,,,,,,,,,,99.0199966430664,,,,,99.3899993896484,,,,,97.1500015258789,,,91.0500030517578,,,,99.4800033569336,,
South Asia (IDA & IBRD),TSA,"Literacy rate, adult total (% of people ages 15 and above)",SE.ADT.LITR.ZS,,,,,,,,,,,,,,,,37.439998626709,37.439998626709,38.1300010681152,38.810001373291,39.4700012207031,40.1199989318848,40.7400016784668,41.4099998474121,42.0800018310547,42.75,43.4199981689453,44.0900001525879,44.7700004577637,45.4799995422363,46.2700004577637,47.0499992370605,47.7799987792969,48.560001373291,49.3499984741211,50.1500015258789,50.9500007629395,51.7799987792969,52.5999984741211,57.9199981689453,58.7299995422363,59.5200004577637,60.310001373291,61.1300010681152,61.939998626709,62.7400016784668,62.439998626709,62.5299987792969,63.3800010681152,64.2099990844727,65.0400009155273,67.9400024414062,68.6999969482422,68.5299987792969,69.8399963378906,70.5599975585938,71.9599990844727,73.3499984741211,74.0199966430664,74.7399978637695,74.5100021362305,75.2399978637695,76.0599975585938,76.9000015258789,77.5699996948242,78.2300033569336,
Sub-Saharan Africa (IDA & IBRD countries),TSS,"Literacy rate, adult total (% of people ages 15 and above)",SE.ADT.LITR.ZS,,,,,,,,,,,,,,,,,,,,,,,,,,49.6599998474121,49.9900016784668,50.6300010681152,51.1399993896484,51.6800003051758,52.3199996948242,52.6699981689453,53.1399993896484,53.7200012207031,54.3400001525879,54.7400016784668,55.3699989318848,56.1599998474121,56.8300018310547,57.7000007629395,56.5699996948242,57.3400001525879,58.0499992370605,58.5800018310547,59.2599983215332,58.939998626709,58.0299987792969,57.8300018310547,58.1699981689453,58.6500015258789,59.3199996948242,61.0099983215332,62.2400016784668,63.1199989318848,63.6699981689453,64.2600021362305,64.8899993896484,65.25,67.129997253418,67.7300033569336,67.8899993896484,67.8399963378906,68.1500015258789,68.4400024414062,68.6900024414062,
Trinidad and Tobago,TTO,"Literacy rate, adult total (% of people ages 15 and above)",SE.ADT.LITR.ZS,,,,,,,,,,,,,,,,,,,,,94.9700012207031,,,,,,,,,,96.9400024414062,,,,,,,,,,,,,,,,,,,,,,,,,,,,,,,,,,,
Tunisia,TUN,"Literacy rate, adult total (% of people ages 15 and above)",SE.ADT.LITR.ZS,,,,,,,,,,,,,,,,,,,,,,,,,48.189998626709,,,,,,,,,,,,,,,,,,,,74.3000030517578,,,77.1900024414062,77.7099990844727,,79.129997253418,79.6500015258789,80.2200012207031,,79.0400009155273,,,,79.4800033569336,80.5500030517578,,83.6800003051758,,86.25,,
Turkiye,TUR,"Literacy rate, adult total (% of people ages 15 and above)",SE.ADT.LITR.ZS,,,,,,,,,,,,,,,,61.6300010681152,,,,,65.6900024414062,,,,,75.9700012207031,,,,,79.2300033569336,,,,,,,,,,,,,,87.370002746582,88.2300033569336,88.120002746582,88.6600036621094,,90.8199996948242,92.6600036621094,94.1100006103516,94.9199981689453,95.2600021362305,95.4400024414062,95.5999984741211,95.8600006103516,96.1500015258789,,96.7399978637695,,97.2600021362305,,,,
Tuvalu,TUV,"Literacy rate, adult total (% of people ages 15 and above)",SE.ADT.LITR.ZS,,,,,,,,,,,,,,,,,,,,,,,,,,,,,,,,,,,,,,,,,,,,,,,,,,,,,,,,,,,,,,,100,,,
Tanzania,TZA,"Literacy rate, adult total (% of people ages 15 and above)",SE.ADT.LITR.ZS,,,,,,,,,,,,,,,,,,,,,,,,,,,,,59.1100006103516,,,,,,,,,,,,,,69.4300003051758,,,,,,,,,,78.0999984741211,,79.8949432291161,77.8899993896484,,,,,82.2361019196766,,78.2099990844727,,,
Uganda,UGA,"Literacy rate, adult total (% of people ages 15 and above)",SE.ADT.LITR.ZS,,,,,,,,,,,,,,,,,,,,,,,,,,,,,,,,56.1100006103516,,,,,,,,,,,68.1399993896484,,,,71.370002746582,,,,73.2099990844727,,70.1999969482422,,68.5100021362305,,69.0999984741211,,,,,79.0476540680567,,80.5100021362305,77.0400009155273,
Ukraine,UKR,"Literacy rate, adult total (% of people ages 15 and above)",SE.ADT.LITR.ZS,,,,,,,,,,,,,,,,,,,,,,,,,,,,,,,,,,,,,,,,,,99.4300003051758,,,,,,,,,,,,,,,,,,,,,,,,
Upper middle income,UMC,"Literacy rate, adult total (% of people ages 15 and above)",SE.ADT.LITR.ZS,,,,,,,,,,,,,,,66.4599990844727,66.5199966430664,66.7699966430664,67.0299987792969,68.0299987792969,69.1100006103516,70.0899963378906,71.0500030517578,71.9499969482422,72.8600006103516,73.9300003051758,74.8099975585938,75.6600036621094,76.5299987792969,79.75,80.370002746582,81.0800018310547,81.629997253418,82.1999969482422,82.7399978637695,83.2600021362305,83.8300018310547,84.3199996948242,88.6100006103516,89.0199966430664,89.379997253418,89.7900009155273,90.120002746582,90.4700012207031,90.9300003051758,91.2799987792969,91.5400009155273,91.8399963378906,92.8499984741211,93.2799987792969,93.6600036621094,93.7699966430664,93.9899978637695,94.2699966430664,94.370002746582,94.75,94.8899993896484,95.120002746582,95.1600036621094,95.3199996948242,95.620002746582,95.7300033569336,95.7600021362305,95.9100036621094,96.0400009155273,96.1699981689453,
Uruguay,URY,"Literacy rate, adult total (% of people ages 15 and above)",SE.ADT.LITR.ZS,,,,,,,,,,,,,,,,93.8600006103516,,,,,,,,,,95.379997253418,,,,,,,,,,,96.7799987792969,,,,,,,,,,97.7900009155273,97.8600006103516,98.1600036621094,98.2600021362305,98.0699996948242,98.3399963378906,98.4000015258789,98.3600006103516,98.4400024414062,98.5199966430664,98.5599975585938,98.620002746582,98.6999969482422,98.7699966430664,98.9596198051761,,98.8499984741211,98.8254937778285,98.9100036621094,
United States,USA,"Literacy rate, adult total (% of people ages 15 and above)",SE.ADT.LITR.ZS,,,,,,,,,,,,,,,,,,,,,,,,,,,,,,,,,,,,,,,,,,,,,,,,,,,,,,,,,,,,,,,,,,
Uzbekistan,UZB,"Literacy rate, adult total (% of people ages 15 and above)",SE.ADT.LITR.ZS,,,,,,,,,,,,,,,,,,,,,,,,,,,,,,,,,,,,,,,,,98.6399993896484,,,,,,,,,,,,,99.9899978637695,99.9800033569336,99.9800033569336,99.9899978637695,,99.9899978637695,100,,100,100,,,
St. Vincent and the Grenadines,VCT,"Literacy rate, adult total (% of people ages 15 and above)",SE.ADT.LITR.ZS,,,,,,,,,,,95.629997253418,,,,,,,,,,,,,,,,,,,,,,,,,,,,,,,,,,,,,,,,,,,,,,,,,,,,,,,
"Venezuela, RB",VEN,"Literacy rate, adult total (% of people ages 15 and above)",SE.ADT.LITR.ZS,,,,,,,,,,,,,,,,,,,,,,84.7300033569336,,,,,,,,,89.8300018310547,,,,,,,,,,,92.9800033569336,,,,94.3707013803128,94.6620701964151,95.1500015258789,95.3116995541662,95.5100021362305,95.3924213233743,94.7699966430664,95.9871889937429,,,96.6100006103516,97.129997253418,97.1837183128414,,,,,,,,
British Virgin Islands,VGB,"Literacy rate, adult total (% of people ages 15 and above)",SE.ADT.LITR.ZS,,,,,,,,,,,,,,,,,,,,,,,,,,,,,,,,,,,,,,,,,,,,,,,,,,,,,,,,,,,,,,,,,,
Virgin Islands (U.S.),VIR,"Literacy rate, adult total (% of people ages 15 and above)",SE.ADT.LITR.ZS,,,,,,,,,,,,,,,,,,,,,,,,,,,,,,,,,,,,,,,,,,,,,,,,,,,,,,,,,,,,,,,,,,
Viet Nam,VNM,"Literacy rate, adult total (% of people ages 15 and above)",SE.ADT.LITR.ZS,,,,,,,,,,,,,,,,,,,,83.8300018310547,,,,,,,,,,87.5999984741211,,,,,,,,,,90.2799987792969,90.1600036621094,,,,,,,,,93.5199966430664,,,,,,,,,,95.75,,,96.129997253418,,,
Vanuatu,VUT,"Literacy rate, adult total (% of people ages 15 and above)",SE.ADT.LITR.ZS,,,,,,,,,,,,,,,,,,,,52.8699989318848,,,,,,,,,,,,,,,,,,,,74,,,,,,,,,,,,,,,,,,,,92.4744486976738,89.7930993872856,,,87.9599990844727,,
World,WLD,"Literacy rate, adult total (% of people ages 15 and above)",SE.ADT.LITR.ZS,,,,,,,,,,,,,,,,65.4199981689453,65.5699996948242,65.879997253418,66.5,67.1500015258789,67.75,68.3499984741211,68.9300003051758,69.4899978637695,70.1500015258789,70.7300033569336,71.2699966430664,71.9400024414062,73.5500030517578,74.0699996948242,74.629997253418,75.0599975585938,75.5100021362305,75.9700012207031,76.4199981689453,76.870002746582,77.3000030517578,79.3000030517578,80.5199966430664,80.9000015258789,81.120002746582,81.370002746582,81.7399978637695,82.2200012207031,82.5599975585938,82.5699996948242,82.5299987792969,83.120002746582,83.4800033569336,83.8000030517578,84.370002746582,84.7099990844727,84.9100036621094,85.2099990844727,85.5599975585938,85.9599990844727,86.2799987792969,86.4700012207031,86.7600021362305,86.7900009155273,86.9800033569336,87.1699981689453,87.3899993896484,87.5800018310547,87.7399978637695,
Samoa,WSM,"Literacy rate, adult total (% of people ages 15 and above)",SE.ADT.LITR.ZS,,,,,,,,,,,,,,,,,,,,,,,,,,,,,,,,97.9400024414062,,,,,,,,,,,,,,,,,,,,98.9700012207031,,,,,99.4000015258789,99.7071903264793,,97.9899978637695,,,,,,
Kosovo,XKX,"Literacy rate, adult total (% of people ages 15 and above)",SE.ADT.LITR.ZS,,,,,,,,,,,,,,,,,,,,,,,,,,,,,,,,,,,,,,,,,,,,,,,,,,,,,,,,,,,,,,,,,,
"Yemen, Rep.",YEM,"Literacy rate, adult total (% of people ages 15 and above)",SE.ADT.LITR.ZS,,,,,,,,,,,,,,,,,,,,,,,,,,,,,,,,,,,37.0900001525879,,,,,,,,,,,,,,,,,,,,,,,,,,,,,,,
South Africa,ZAF,"Literacy rate, adult total (% of people ages 15 and above)",SE.ADT.LITR.ZS,,,,,,,,,,,,,,,,,,,,,76.1999969482422,,,,,,,,,,,,,,,,82.4000015258789,,,,,,,,,,,88.7200012207031,,92.8899993896484,92.879997253418,93.0999984741211,93.7300033569336,,94.1399993896484,94.370002746582,91.7399978637695,,,95.0199966430664,,90,,,91.1500015258789,
Zambia,ZMB,"Literacy rate, adult total (% of people ages 15 and above)",SE.ADT.LITR.ZS,,,,,,,,,,,,,,,,,,,,,,,,,,,,,,,65,,,,,,,,,68,,,69.1500015258789,,,,,,,,83.1399993896484,,,,,,,,71.129997253418,,81.7530087399265,79.9494621864846,79.9841479741156,,71.7699966430664,
Zimbabwe,ZWE,"Literacy rate, adult total (% of people ages 15 and above)",SE.ADT.LITR.ZS,,,,,,,,,,,,,,,,,,,,,,,77.7900009155273,,,,,,,,,,83.5100021362305,,,,,,,,,,,,,,,,,,,,,,,,,,,93.2300033569336,,,,,,
